-- phpMyAdmin SQL Dump
-- version 5.2.0
-- https://www.phpmyadmin.net/
--
-- 主機： 127.0.0.1
-- 產生時間： 2023-05-28 09:52:26
-- 伺服器版本： 10.4.27-MariaDB
-- PHP 版本： 8.2.0

SET SQL_MODE = "NO_AUTO_VALUE_ON_ZERO";
START TRANSACTION;
SET time_zone = "+00:00";


/*!40101 SET @OLD_CHARACTER_SET_CLIENT=@@CHARACTER_SET_CLIENT */;
/*!40101 SET @OLD_CHARACTER_SET_RESULTS=@@CHARACTER_SET_RESULTS */;
/*!40101 SET @OLD_COLLATION_CONNECTION=@@COLLATION_CONNECTION */;
/*!40101 SET NAMES utf8mb4 */;

--
-- 資料庫： `used_cars_data`
--

-- --------------------------------------------------------

--
-- 資料表結構 `brand_table`
--

CREATE TABLE `brand_table` (
  `brand_id` int(11) NOT NULL,
  `brand_name` varchar(50) NOT NULL
) ENGINE=InnoDB DEFAULT CHARSET=utf8 COLLATE=utf8_general_ci;

--
-- 傾印資料表的資料 `brand_table`
--

INSERT INTO `brand_table` (`brand_id`, `brand_name`) VALUES
(1, 'Abarth'),
(2, 'Alfa'),
(3, 'Audi'),
(4, 'BMW'),
(5, 'Chevrolet'),
(6, 'Citroen'),
(7, 'Cupra'),
(8, 'Dacia'),
(9, 'DS'),
(10, 'Fiat'),
(11, 'Ford'),
(12, 'Honda'),
(13, 'Hyundai'),
(14, 'Jaguar'),
(15, 'Jeep'),
(16, 'Kia'),
(17, 'Land'),
(18, 'Lexus'),
(19, 'Mazda'),
(20, 'Mercedes'),
(21, 'Mini'),
(22, 'Mitsubishi'),
(23, 'Nissan'),
(24, 'Opel'),
(25, 'Peugeot'),
(26, 'Porsche'),
(27, 'Renault'),
(28, 'SEAT'),
(29, 'Skoda'),
(30, 'Smart'),
(31, 'Ssangyong'),
(32, 'Subaru'),
(33, 'Suzuki'),
(34, 'Toyota'),
(35, 'Volkswagen'),
(36, 'Volvo'),
(43, 'Hyundai1'),
(44, 'BMW1');

-- --------------------------------------------------------

--
-- 資料表結構 `fuel_table`
--

CREATE TABLE `fuel_table` (
  `fuel_id` int(11) NOT NULL,
  `fuel_name` varchar(50) NOT NULL
) ENGINE=InnoDB DEFAULT CHARSET=utf8 COLLATE=utf8_general_ci;

--
-- 傾印資料表的資料 `fuel_table`
--

INSERT INTO `fuel_table` (`fuel_id`, `fuel_name`) VALUES
(1, 'Diésel'),
(2, 'Eléctrico'),
(3, 'Gasolina'),
(4, 'GLP'),
(5, 'Híbrido'),
(7, 'Diésel1');

-- --------------------------------------------------------

--
-- 資料表結構 `gearbox_table`
--

CREATE TABLE `gearbox_table` (
  `gearbox_id` int(11) NOT NULL,
  `gearbox_name` varchar(50) NOT NULL
) ENGINE=InnoDB DEFAULT CHARSET=utf8 COLLATE=utf8_general_ci;

--
-- 傾印資料表的資料 `gearbox_table`
--

INSERT INTO `gearbox_table` (`gearbox_id`, `gearbox_name`) VALUES
(1, 'Automatica'),
(2, 'Manual');

-- --------------------------------------------------------

--
-- 資料表結構 `info_table`
--

CREATE TABLE `info_table` (
  `id` int(11) NOT NULL,
  `brand_id` int(3) DEFAULT NULL,
  `model` varchar(24) DEFAULT NULL,
  `price` int(6) DEFAULT NULL,
  `engine` varchar(47) DEFAULT NULL,
  `year` year(4) DEFAULT NULL,
  `mileage` int(7) DEFAULT NULL,
  `fuel_id` int(2) DEFAULT NULL,
  `gearbox_id` int(2) DEFAULT NULL,
  `location_id` int(3) DEFAULT NULL
) ENGINE=InnoDB DEFAULT CHARSET=utf8 COLLATE=utf8_general_ci;

--
-- 傾印資料表的資料 `info_table`
--

INSERT INTO `info_table` (`id`, `brand_id`, `model`, `price`, `engine`, `year`, `mileage`, `fuel_id`, `gearbox_id`, `location_id`) VALUES
(2, 4, 'Serie 5', 13490, '530d Touring', 2011, 137566, 1, 1, 10),
(3, 35, 'Golf', 24990, 'GTI 2.0 TSI 169kW (230CV)', 2018, 44495, 3, 2, 10),
(4, 24, 'Corsa', 10460, '1.4 Expression 90 CV', 2016, 69800, 3, 2, 7),
(5, 28, 'Ibiza', 8490, 'SC 1.2 TSI 105cv FR', 2014, 114295, 3, 2, 4),
(6, 15, 'Wrangler', 23990, '3.8 Rubicon Auto', 2011, 103000, 3, 1, 4),
(7, 16, 'Sportage', 14990, '1.6 GDi 97kW (132CV) Basic 4x2', 2017, 81999, 3, 2, 3),
(8, 17, 'Rover Discovery Sport', 19490, '2.0L eD4 110kW (150CV) 4x2 SE', 2017, 148575, 1, 2, 3),
(9, 28, 'Leon', 21990, '1.5 eTSI 110kW DSG-7 S&S Xcellence Go M', 2020, 18999, 5, 1, 3),
(10, 23, 'Micra', 9990, '5p 1.0G ACENTA', 2017, 73633, 3, 2, 6),
(11, 10, 'Doblò', 9990, 'Panorama Lounge 1.6 Multijet 105cv E5+', 2015, 110642, 1, 2, 6),
(12, 4, 'Serie 1', 25490, '118i', 2019, 27985, 3, 1, 6),
(13, 28, 'Leon', 23990, '2.0 TSI 221kW (300CV) DSG-6 St&Sp CUPRA', 2018, 40250, 3, 1, 6),
(14, 11, 'Focus', 14490, '1.0 Ecoboost 92kW ST-Line', 2019, 99958, 3, 2, 6),
(15, 6, 'C4 Cactus', 9990, 'PureTech 82cv S&S ETG Shine', 2015, 62750, 3, 2, 6),
(16, 34, 'C-HR', 17990, '1.8 125H Advance', 2018, 66000, 5, 1, 6),
(17, 34, 'Yaris', 12990, '1.5 110 Active Tech', 2019, 26073, 3, 2, 6),
(18, 13, 'i30', 13490, '1.0 TGDI Link Fastback', 2018, 69317, 3, 2, 6),
(19, 35, 'Touran', 18490, 'Edition 1.6 TDI CR 115CV BMT', 2016, 46993, 1, 2, 8),
(20, 4, 'Serie 3', 15990, '320d Gran Turismo', 2014, 118200, 1, 2, 8),
(21, 28, 'Ibiza', 10490, '1.0 EcoTSI 95cv Style Connect', 2016, 99898, 3, 2, 6),
(22, 25, '208', 10460, '5P STYLE 1.6 BlueHDi 100', 2016, 109252, 1, 2, 7),
(23, 8, 'Duster', 12880, 'Prestige TCE 92kW (125CV) 4X2', 2018, 44503, 3, 2, 7),
(24, 28, 'Ibiza', 16820, '1.0 EcoTSI 85kW (115CV) FR Plus', 2018, 19800, 3, 2, 7),
(25, 34, 'Rav4', 9950, '2.2 D-4D Advance 4x2', 2011, 192000, 1, 2, 7),
(26, 21, 'Paceman', 14980, 'COOPER SD PACEMAN automático', 2015, 101000, 1, 1, 7),
(27, 4, 'Serie 3', 11380, '318d Touring', 2014, 194000, 1, 2, 7),
(28, 25, '3008', 9990, 'Access 1.6 HDI 111 FAP', 2012, 99738, 1, 2, 2),
(29, 27, 'Clio', 12990, 'Business TCe 55kW (75CV) -18', 2019, 24506, 3, 2, 2),
(30, 6, 'C3', 13490, 'PureTech 60KW (83CV) Feel', 2021, 2546, 3, 2, 2),
(31, 34, 'Verso', 10490, '1.6D 115D Business 5pl.', 2016, 178807, 1, 2, 2),
(32, 32, 'XV', 13990, '2.0i Executive Plus Auto', 2015, 110096, 3, 1, 2),
(33, 11, 'Tourneo Courier', 12990, '1.0 EcoBoost 100cv Ambiente', 2016, 96652, 3, 2, 2),
(34, 25, '2008', 12990, 'Active 1.2L PureTech 110 S&S', 2016, 83400, 3, 2, 8),
(35, 11, 'Transit Connect', 12490, 'Van 1.6 TDCi 115cv Base 200 L1', 2014, 126400, 1, 2, 8),
(36, 24, 'Grandland X', 17990, '1.2 Turbo Ultimate', 2019, 42368, 3, 2, 3),
(37, 4, 'Serie 4', 57990, 'M4 COMPETITION', 2018, 28999, 3, 1, 3),
(38, 3, 'A4', 16490, '2.0 TDI 150CV multitronic S line edition', 2015, 123253, 1, 1, 3),
(39, 35, 'Transporter', 17990, 'Kombi PRO Corto TM 2.0 TDI BMT 114CV', 2015, 122500, 1, 2, 8),
(40, 35, 'Golf', 18990, 'Advance 1.4 TSI 92kW (125CV) DSG', 2018, 39245, 3, 1, 3),
(41, 25, 'Partner', 12990, 'TEPEE Access BlueHDi 1.6 HDi 100', 2015, 117417, 1, 2, 3),
(42, 6, 'C3 Picasso', 11490, 'PureTech 81KW (110CV) Feel Edition', 2017, 78453, 3, 2, 3),
(43, 28, 'Ibiza', 12990, '1.0 MPI 59kW (80CV) Style', 2019, 16000, 3, 2, 3),
(44, 24, 'Mokka X', 17490, '1.4 T 103kW 4X2 S&S Innovation', 2019, 56900, 3, 2, 5),
(45, 23, 'JUKE', 8490, '1.5 dCi EDICIÓN ESPECIAL KURO 4X2', 2013, 152100, 1, 2, 5),
(46, 20, 'Benz Clase A', 20990, 'A 180', 2018, 69500, 3, 2, 5),
(47, 35, 'Golf', 17490, 'Sport 1.0 TSI 85kW (115CV) Variant', 2019, 77900, 3, 2, 5),
(48, 35, 'Touran', 13490, '1.6 TDI 105cv DSG Edition', 2013, 99990, 1, 1, 2),
(49, 24, 'Crossland X', 15490, '1.2 96kW (130CV) Innovation S/S', 2019, 67100, 3, 2, 5),
(50, 20, 'Benz Clase SLK', 19490, 'SLK 250 BlueEfficiency', 2011, 72000, 3, 2, 5),
(51, 23, 'Qashqai', 18990, 'DIG-T 85 kW (115 CV) N-CONNECTA', 2018, 33150, 3, 1, 8),
(52, 16, 'Ceed Tourer', 18960, 'Tourer 1.0 T-GDi 88kW (120CV) GT Line', 2019, 32360, 3, 2, 7),
(53, 19, 'Mazda3', 18890, '2.0 SKYACTIV-G 88KW ZENITH', 2018, 29230, 3, 2, 7),
(54, 4, 'Serie 2 Active Tourer', 14970, '216d', 2016, 160000, 1, 2, 7),
(55, 28, 'Ibiza', 10570, '1.0 EcoTSI 95cv Reference', 2016, 86528, 3, 2, 7),
(56, 19, 'CX-5', 27990, '2.0 GE 121kW (165CV) Zenith', 2021, 15000, 3, 2, 5),
(57, 28, 'Ibiza', 12990, '1.0 EcoTSI 70kW (95CV) Style', 2017, 42700, 3, 2, 6),
(58, 10, 'Panda', 7990, '1.2 Lounge 69cv EU6', 2016, 50000, 3, 2, 5),
(59, 28, 'Leon', 11490, '1.6 TDI 66kW (90CV) Reference', 2017, 128000, 1, 2, 5),
(60, 24, 'Astra', 15490, '1.2T SHL 81kW (110CV) Astra', 2020, 7500, 3, 2, 5),
(61, 28, 'Leon', 8990, '1.2 TSI 105cv Style Copa', 2012, 146000, 3, 2, 5),
(62, 20, 'Benz Clase E', 30490, 'E 220 d', 2018, 97164, 1, 1, 10),
(63, 6, 'C3', 11990, 'PureTech 60KW (82CV) S&S FEEL', 2018, 29513, 3, 2, 10),
(64, 27, 'Clio', 8990, 'Dynamique Energy TCe 90 S&S eco2', 2014, 55315, 3, 2, 10),
(65, 28, 'Toledo', 12990, '1.0 TSI 81kW St&Sp STYLE EDITION', 2018, 20253, 3, 2, 6),
(66, 34, 'Yaris', 15990, '1.5 100H Feel', 2020, 19700, 5, 1, 1),
(67, 11, 'S-Max', 9990, '2.0 TDCi 140cv DPF Trend', 2012, 100500, 1, 1, 1),
(68, 10, '500', 8990, '1.2 8v 69 CV Lounge', 2016, 80000, 3, 2, 1),
(69, 35, 'Tiguan', 13990, 'T1 2.0 TDI 110CV BMT 4x2', 2015, 99265, 1, 2, 1),
(70, 18, 'CT', 18490, '1.8 200h Business', 2018, 43909, 5, 1, 2),
(71, 4, 'X4', 26990, 'xDrive30d', 2017, 187000, 1, 1, 9),
(72, 4, 'Serie 3', 18990, '318d', 2017, 126000, 1, 1, 9),
(73, 3, 'Q5', 30490, '2.0 TDI clean diesel 140kW quattro S tro', 2017, 122593, 1, 1, 8),
(74, 11, 'Kuga', 14490, '1.5 TDCi 120 4x2 A-S-S Titanium', 2016, 81320, 1, 2, 8),
(75, 11, 'Kuga', 16490, '1.5 TDCi 88kW 4x2 A-S-S Trend', 2017, 42900, 1, 2, 8),
(76, 11, 'Fiesta', 13490, '1.0 EcoBoost 103kW(140CV) ST-Line S/S 5p', 2019, 38950, 3, 2, 8),
(77, 23, 'Qashqai', 13990, '1.5dCi S&S ACENTA 4x2', 2014, 54956, 1, 2, 2),
(78, 6, 'C4', 5990, '1.6 e-HDi 110cv Collection', 2012, 199990, 1, 2, 2),
(79, 27, 'Captur', 14790, 'Life TCe 66kW (90CV)', 2019, 23500, 3, 2, 4),
(80, 28, 'Ibiza', 10490, '1.2 TSI 66kW (90CV) Style', 2017, 95500, 3, 2, 8),
(81, 28, 'Leon', 22990, '2.0 TSI 221kW (300CV) DSG-6 St&Sp CUPRA', 2017, 64100, 3, 2, 8),
(82, 4, 'X1', 20990, 'sDrive18d Pack M', 2016, 116387, 1, 1, 6),
(83, 34, 'C-HR', 16990, '1.8 125H Dynamic Plus', 2017, 99658, 5, 1, 6),
(84, 16, 'Sportage', 21990, '1.6 T-GDi 130kW GT Line Plus DCT 4x4', 2018, 23400, 3, 1, 1),
(85, 20, 'Benz Clase GLA', 24490, 'GLA 220 d 4MATIC AMG Line', 2016, 83100, 1, 1, 4),
(86, 27, 'Clio', 9490, 'Zen Energy dCi 66kW (90CV)', 2016, 130300, 1, 2, 4),
(87, 27, 'Espace', 18990, 'Zen Energy dCi 118kW (160CV) TT EDC', 2017, 105000, 1, 1, 4),
(88, 24, 'Mokka X', 16990, '1.4 T 103kW 4X4 S&S Innovation', 2019, 53405, 3, 2, 3),
(89, 16, 'Optima', 19990, '1.7 CRDi VGT 141CV Emotion Eco-Dynamics', 2016, 88884, 1, 1, 3),
(90, 24, 'Astra', 12990, '1.6 CDTi 81kW (110CV) Dynamic', 2017, 66515, 1, 2, 3),
(91, 3, 'Q3', 22990, 'Sport edition 2.0 TDI 88kW (120CV)', 2018, 57425, 1, 2, 3),
(92, 25, '3008', 18990, '1.2 PURETECH 96KW (130CV) ALLURE S&S', 2018, 106350, 3, 2, 3),
(93, 3, 'A1', 15990, 'Sportback 1.0 TFSI 95CVSLine Adrenalin', 2016, 37308, 3, 2, 10),
(94, 20, 'Benz Clase A', 14990, 'A 180 CDI Urban', 2015, 153501, 1, 2, 6),
(95, 35, 'Polo', 9990, 'Advance 1.0 75CV BMT', 2015, 46347, 3, 2, 10),
(96, 36, 'V40', 15990, '2.0 T2 Momentum', 2018, 76086, 3, 2, 10),
(97, 6, 'C-Elysée', 11990, 'BlueHDi 75KW (100CV) Shine', 2019, 47196, 1, 2, 10),
(98, 3, 'A4', 18490, 'Avant 2.0 TDI 150CV S tronic', 2016, 118173, 1, 1, 10),
(99, 22, 'Outlander', 9490, '220 DI-D SST Kaiteki', 2011, 170000, 1, 1, 4),
(100, 17, 'Rover Discovery Sport', 33990, '2.0D I4-L.Flw 150 PS AWD Auto HSE', 2019, 65950, 1, 1, 5),
(101, 28, 'Ibiza', 9490, '1.6 TDI 90cv Reference', 2013, 94500, 1, 2, 6),
(102, 28, 'Arona', 15770, '1.0 TSI 70kW (95CV) Style Edition Eco', 2019, 44158, 3, 2, 7),
(103, 2, 'Romeo Giulietta', 7670, '1.6 JTDm 105cv Distinctive', 2011, 125739, 1, 2, 7),
(104, 34, 'Yaris', 10260, '1.3 100 Active', 2016, 77977, 3, 2, 7),
(105, 34, 'Verso', 10370, '115D Advance 5pl.', 2015, 129460, 1, 2, 7),
(106, 24, 'Corsa', 10120, '1.4 Selective 66kW (90CV)', 2018, 25200, 3, 2, 7),
(107, 11, 'Focus', 16990, '1.0 Ecoboost 92kW Titanium', 2020, 34100, 3, 2, 9),
(108, 3, 'A7', 20990, 'Sportback 3.0 TDI 245 quattro S tronic', 2014, 216107, 1, 1, 9),
(109, 11, 'Focus', 12490, '1.5 TDCi E6 88kW (120CV) Trend+', 2017, 102000, 1, 2, 9),
(110, 13, 'i20', 13290, '1.0 TGDI 74kW(100CV) Tecno DT 2C', 2019, 33832, 3, 2, 6),
(111, 10, 'Tipo', 8990, '1.4 16v Lounge 70kW (95CV) gasolina', 2017, 50500, 3, 2, 9),
(112, 24, 'Astra', 8990, '1.6 CDTi S/S 110 CV Excellence', 2015, 114400, 1, 2, 9),
(113, 28, 'Leon', 18330, '1.4 TSI 110kW (150CV) ACT St&Sp FR', 2018, 26000, 3, 2, 7),
(114, 27, 'Kangoo Furgón', 14430, 'Profesional Blue dCi 59 kW (80CV)', 2020, 25100, 1, 2, 7),
(115, 8, 'Sandero', 10150, 'Stepway dCi 90', 2015, 31000, 1, 2, 7),
(116, 6, 'C4 Picasso', 11490, '1.6 e-HDi 115cv ETG6 Seduction', 2014, 120000, 1, 1, 9),
(117, 27, 'Clio 4', 8990, 'Zen Energy TCe 66kW (90CV)', 2016, 110000, 3, 2, 9),
(118, 3, 'A3', 11430, 'Sportback 1.6 TDI 105cv Ambition', 2014, 97000, 1, 2, 7),
(119, 8, 'Dokker', 10680, 'Van Essential Blue dCi 70kW (95CV)', 2020, 32600, 1, 2, 7),
(120, 25, '5008', 24990, 'Allure 1.5L BlueHDi 96kW (130CV) S&S', 2018, 80995, 1, 1, 4),
(121, 35, 'T-Cross', 23990, 'Advance 1.0 TSI 81kW (110CV) DSG', 2020, 12100, 3, 1, 5),
(122, 28, 'Ibiza', 8990, '1.2 TSI 66kW (90CV) Reference', 2017, 39100, 3, 2, 5),
(123, 16, 'Sportage', 15990, '1.6 GDi 97kW (132CV) x-Tech17 4x2', 2017, 18000, 3, 2, 5),
(124, 24, 'Astra', 9990, '1.6 Selective', 2015, 48000, 3, 2, 5),
(125, 11, 'Ka+', 9990, '1.2 Ti-VCT White&Black Edition', 2017, 26400, 3, 2, 8),
(126, 6, 'C3 Aircross', 15990, 'PureTech 81kW (110CV) S&S C-Series', 2021, 8450, 3, 2, 8),
(127, 14, 'F-Pace', 26990, '2.0L i4D AWD Automático Prestige', 2016, 65244, 1, 1, 2),
(128, 21, 'Mini', 11990, 'ONE', 2016, 54870, 3, 2, 2),
(129, 16, 'Ceed', 8490, '1.6 CRDi VGT Drive', 2016, 173127, 1, 2, 2),
(130, 6, 'C4 Picasso', 11490, 'BlueHDi 120cv Live Edition', 2016, 70528, 1, 2, 2),
(131, 34, 'Yaris', 5990, '90D ACTIVE', 2012, 144437, 1, 2, 2),
(132, 28, 'Arona', 14990, '1.0 TSI 70kW (95CV) Style Ecomotive', 2017, 32760, 3, 2, 8),
(133, 25, '2008', 14990, 'Style 1.6 BlueHDi 73KW (100CV)', 2018, 96970, 1, 2, 8),
(134, 17, 'Rover Discovery Sport', 22990, '2.0L eD4 110kW (150CV) 4x2 SE', 2017, 82800, 1, 2, 8),
(135, 11, 'Kuga', 10990, '1.6 EcoBoost 150 A-S-S 4x2 Titanium', 2014, 176400, 3, 2, 8),
(136, 6, 'C4 Picasso', 15990, 'PureTech 96KW (130CV) S&S 6v EAT6 Live', 2017, 53160, 3, 2, 8),
(137, 4, 'Serie 1', 11990, '118d', 2013, 158000, 1, 2, 4),
(138, 17, 'Rover Range Rover Evoque', 22990, '2.2L TD4 150CV 4x4 Prestige Auto', 2015, 112000, 1, 1, 4),
(139, 11, 'C-Max', 10990, '1.0 EcoBoost 125CV Trend+', 2015, 120597, 3, 2, 2),
(140, 1, '500', 16990, '595 Turismo 1.4 16v T-Jet 121kW E6', 2017, 69000, 3, 1, 6),
(141, 13, 'Tucson', 17730, '1.7CRDi 85kW (115CV) BD 25 Aniv. Sky 4x2', 2017, 98000, 1, 2, 7),
(142, 34, 'Avensis', 11970, '120D Advance Cross Sport', 2015, 97800, 1, 2, 7),
(143, 28, 'Arona', 14990, '1.0 TSI 70kW (95CV) Style Ecomotive', 2018, 42591, 3, 2, 10),
(144, 24, 'Mokka', 10990, '1.7 CDTi 4X2 S&S Selective', 2013, 78000, 1, 2, 6),
(145, 27, 'Kadjar', 15990, 'Zen Energy dCi 96kW (130CV)', 2017, 84300, 1, 2, 9),
(146, 28, 'Ateca', 25990, '2.0 TDI 110kW (150CV) S&S FR Edition', 2019, 53000, 1, 2, 1),
(147, 35, 'Touran', 22490, 'Advance 2.0 TDI 110kW(150CV) BMT', 2017, 23000, 1, 2, 9),
(148, 16, 'Sportage', 16490, '1.6 GDi 97kW (132CV) Drive 4x2', 2018, 55600, 3, 2, 9),
(149, 34, 'C-HR', 15990, '1.8 125H Advance', 2017, 134000, 5, 1, 9),
(150, 4, 'X3', 22990, 'sDrive18d', 2016, 96700, 1, 2, 9),
(151, 33, 'SX4 S-Cross', 13490, '1.0 DITC GLE', 2017, 79000, 3, 2, 9),
(152, 23, 'X-Trail', 15880, 'dCi 130CV (96kW) 4x4-i TEKNA', 2015, 144000, 1, 2, 7),
(153, 28, 'Leon', 13270, '1.4 TSI ACT 110kW (150CV) DSG-7 St&Sp FR', 2017, 169000, 3, 2, 7),
(154, 28, 'Arona', 14490, '1.0 TSI 70kW (95CV) Style Ecomotive', 2018, 95947, 3, 2, 6),
(155, 28, 'Ibiza', 9990, 'ST 1.6 TDI 105cv Style ITech 30 Aniver', 2015, 67600, 1, 2, 10),
(156, 20, 'Benz Clase CLA', 24990, 'CLA 220 d AMG Line', 2016, 74580, 1, 1, 6),
(157, 23, 'Qashqai', 15990, 'DIG-T 85 kW (115 CV) N-CONNECTA', 2017, 34620, 3, 2, 6),
(158, 25, '3008', 18990, '1.2 PURETECH 96KW (130CV) ACTIVE EAT8', 2019, 131900, 3, 2, 8),
(159, 15, 'Renegade', 16990, '1.0G 88kW Sport 4x2', 2018, 61970, 3, 2, 8),
(160, 3, 'A1', 12490, 'Sportback 1.0 TFSI 95CV Adrenalin2', 2015, 109450, 3, 2, 8),
(161, 23, 'NV250', 22990, '4pl 1.5dCi 70 kW (95 CV) L2H1 COMFORT', 2021, 1258, 1, 2, 10),
(162, 23, 'Qashqai', 13490, '1.6dCi S&S ACENTA 4x2', 2014, 143866, 1, 2, 10),
(163, 13, 'Kona', 19490, 'XLE 4X2 ', 2021, 11757, 3, 2, 10),
(164, 35, 'Polo', 13990, 'Advance 1.0 TSI 70kW (95CV)', 2018, 73000, 3, 2, 4),
(165, 23, 'X-Trail', 16990, 'dCi 130CV (96kW) 360 7 plazas', 2015, 165000, 1, 2, 4),
(166, 16, 'ProCeed', 18990, '1.6 T-GDi 204CV GT', 2016, 80000, 3, 2, 1),
(167, 28, 'Leon', 14990, '1.5 TSI 96kW (130CV) S&S Style Visio Ed', 2019, 70665, 3, 2, 1),
(168, 23, 'Micra', 11990, 'IG-T 74 kW (100 CV) E6D Acenta', 2019, 21017, 3, 2, 1),
(169, 25, '308', 9990, 'Nuevo 308 SW Business Line 1.6 HDI 92', 2015, 90500, 1, 2, 1),
(170, 19, 'Mazda6', 12990, '2.2 DE AT 4WD L+P+ T.+SR (CN) WGN', 2016, 170000, 1, 1, 4),
(171, 13, 'i30', 14990, '1.0 TGDI Link Fastback', 2018, 35400, 3, 2, 4),
(172, 25, '5008', 11990, 'Allure 1.6 BlueHDi 88KW (120CV)', 2016, 106000, 1, 2, 4),
(173, 27, 'Clio', 16490, 'Zen TCe GPF 96 kW (130CV) EDC', 2020, 6425, 3, 1, 8),
(174, 24, 'Vivaro', 15990, '1.6 CDTI 90 CV Expression L1 H1 2.7t', 2016, 53600, 1, 2, 8),
(175, 11, 'EcoSport', 14490, '1.0T EcoBoost 92kW (125CV) S&S ST Line', 2018, 29213, 3, 2, 8),
(176, 4, 'Serie 5', 11490, '520d', 2011, 199600, 1, 2, 8),
(177, 3, 'A3', 12990, 'Sportb 2.0 TDI 150 clean S line edition', 2014, 159782, 1, 2, 8),
(178, 11, 'Fiesta', 10990, '1.0 EcoBoost 74kW ST-Line 5p', 2017, 90378, 3, 2, 3),
(179, 23, 'Micra', 10990, 'IG-T 66 kW (90 CV) S&S Acenta', 2018, 23462, 3, 2, 6),
(180, 16, 'Ceed', 19990, '1.4 T-GDi 103kW (140CV) Tech', 2018, 28096, 3, 2, 3),
(181, 34, 'Verso', 14990, '1.6D 115D Advance + Pack Style 7pl.', 2016, 98861, 1, 2, 3),
(182, 8, 'Sandero', 9990, 'Stepway TCE 66kW (90CV) EU6', 2016, 97756, 3, 2, 3),
(183, 13, 'i30', 14490, '1.6 CRDi 81kW (110CV) Tecno Tech', 2017, 56294, 1, 2, 2),
(184, 27, 'Megane', 17990, 'Limited TCe 103 kW (140CV) GPF -SS', 2020, 33375, 3, 1, 2),
(185, 20, 'Benz Clase A', 14990, 'A 180 CDI BlueEFFICIENCY Urban', 2013, 90270, 1, 1, 2),
(186, 11, 'Puma', 18990, '1.0 EcoBoost 92kW (125cv) ST-Line MHEV', 2020, 2584, 5, 2, 2),
(187, 3, 'A1', 15290, '1.0 TFSI 95CV S tronic Attracted', 2015, 111793, 3, 1, 2),
(188, 10, '500', 10990, 'Mirror 1.2 8v 51KW (69 CV)', 2018, 58000, 3, 2, 4),
(189, 13, 'Tucson', 24990, '1.6 GDI 97kW (131CV) N-Line Lite 4X2', 2020, 8320, 3, 2, 6),
(190, 23, 'NV200', 11280, '5pl. 1.5dCi 66kW (90CV) COMF A/C 15\" Kit', 2016, 189000, 1, 2, 7),
(191, 35, 'Golf', 18960, 'GTD 2.0 TDI 184CV DSG BMT', 2016, 85000, 1, 1, 7),
(192, 20, 'Benz Clase CLA', 16980, 'CLA 180d Urban', 2014, 144000, 1, 2, 7),
(193, 28, 'Ibiza', 12350, 'SC 1.0 EcoTSI 110cv FR', 2016, 56000, 3, 2, 7),
(194, 24, 'Astra', 10980, '1.6 CDTi S/S 100kW (136CV) Dynamic', 2016, 155000, 1, 1, 7),
(195, 28, 'Arona', 15490, '1.0 TSI 70kW (95CV) Style Ecomotive', 2017, 55630, 3, 2, 5),
(196, 31, 'REXTON', 12990, '200 e-Xdi 4x4 Limited', 2013, 92311, 1, 2, 5),
(197, 27, 'Kangoo', 10990, 'Profesional N1 Energy dCi 66kW (90CV) E6', 2018, 140000, 1, 2, 5),
(198, 11, 'Tourneo Courier', 12490, '1.5 TDCi 74kW (100CV) Trend', 2018, 105000, 1, 2, 1),
(199, 3, 'S5', 19990, '3.0 S5 TFSI quattro S Tronic cabrio', 2011, 156230, 3, 1, 6),
(200, 4, 'Serie 5', 14490, '520d', 2013, 142121, 1, 2, 2),
(201, 22, 'Outlander', 23990, '2.0 PHEV Kaiteki Auto 4WD', 2018, 77700, 5, 1, 9),
(202, 34, 'Verso', 9990, '120D Comfort 5pl.', 2013, 135800, 1, 2, 9),
(203, 25, '308', 10990, 'SW Allure 1.6 BlueHDI 120', 2016, 116800, 1, 2, 9),
(204, 19, 'Mazda3', 12990, '2.2 DE 150 MT Luxury', 2016, 101300, 1, 2, 9),
(205, 16, 'Niro', 19490, '1.6 GDi Híbrido 104kW (141CV) Drive', 2019, 42000, 5, 1, 9),
(206, 24, 'Mokka', 10990, '1.7 CDTi 4X2 S&S Excellence', 2014, 90000, 1, 2, 9),
(207, 20, 'Benz Clase GLK', 14990, 'GLK 220 CDI', 2014, 173170, 1, 2, 9),
(208, 33, 'Baleno', 10990, '1.2 GL 5p', 2017, 56000, 3, 2, 9),
(209, 28, 'Exeo', 9990, 'ST 2.0 TDI CR 120 CV Style Ecomotive', 2013, 112200, 1, 2, 9),
(210, 15, 'Renegade', 14490, '1.6 E-TORQ 81kW Sport FWD E6', 2018, 52400, 3, 2, 9),
(211, 34, 'Yaris', 9990, '1.3 100 Feel', 2017, 95200, 3, 2, 9),
(212, 27, 'Megane', 15990, 'Sp. Tourer GT Line En. TCe 97kW (130CV)', 2017, 55603, 3, 2, 2),
(213, 28, 'Arona', 14990, '1.0 TSI 70kW (95CV) Style Ecomotive', 2018, 43451, 3, 2, 2),
(214, 15, 'Compass', 20490, '1.4 Mair 103kW Limited 4x2', 2019, 26200, 3, 2, 2),
(215, 28, 'Leon', 15990, 'ST 2.0 TDI 150cv DSG-6 St&Sp FR', 2014, 143065, 1, 1, 2),
(216, 25, '2008', 14990, 'Allure 1.2 PureTech 81KW (110CV)S&S EAT6', 2018, 86700, 3, 1, 4),
(217, 28, 'Tarraco', 25990, '1.5 TSI 110kW (150CV) St&Sp Style Plus', 2019, 25000, 3, 2, 4),
(218, 19, 'CX-3', 16490, '2.0 G 89kW (121CV) 2WD Zenith', 2018, 78600, 3, 2, 4),
(219, 28, 'Leon', 18490, '2.0 TDI 110kW (150CV) DSG-6 St&Sp FR', 2018, 86390, 1, 1, 8),
(220, 28, 'Ibiza', 11990, '1.0 EcoTSI 70kW (95CV) Reference', 2017, 55195, 3, 2, 8),
(221, 25, '208', 9490, '5P ACCESS 1.2L PureTech 82', 2016, 68720, 3, 2, 8),
(222, 27, 'Megane', 14990, 'GT Line Energy dCi 96kW (130CV)', 2018, 110150, 1, 2, 8),
(223, 4, 'X5', 27990, 'xDrive30d', 2016, 195000, 1, 1, 8),
(224, 4, 'Serie 4', 24990, '420d Gran Coupe', 2017, 94370, 1, 1, 8),
(225, 24, 'Astra', 11490, '1.6 CDTi 110 CV Selective', 2016, 103056, 1, 2, 5),
(226, 35, 'T-Roc', 21430, 'Advance R-Line 1.0 TSI 81kW (110CV)', 2021, 15600, 3, 2, 7),
(227, 20, 'Benz Clase C', 29950, 'C 220 d 4MATIC Estate', 2018, 65700, 1, 1, 7),
(228, 15, 'Compass', 24410, '2.0 Mjet 103kW Limited 4x4 ATX', 2019, 7000, 1, 1, 7),
(229, 24, 'Combo Tour', 10930, 'Tour Selective 1.6CDTI 70kW (95CV) L1 H1', 2017, 102000, 1, 2, 7),
(230, 21, 'Countryman', 14470, '2.0 Cooper SD', 2013, 154000, 1, 1, 7),
(231, 12, 'CR-V', 16210, '1.6 i-DTEC 88kW (120CV) 4x2 Eleg P Nav P', 2016, 92000, 1, 2, 7),
(232, 15, 'Renegade', 16250, '1.0G 88kW Sport 4x2', 2019, 102000, 3, 2, 7),
(233, 11, 'Focus', 19990, '1.0 Ecoboost 92kW ST-Line Auto SportBr', 2019, 53400, 3, 1, 5),
(234, 13, 'ix35', 12990, '1.7 CRDi Kosmo Sky 4x2', 2014, 56800, 1, 2, 1),
(235, 17, 'Rover Range Rover Evoque', 48990, '2.0 P250 S AUTO 4WD', 2019, 33703, 5, 1, 3),
(236, 4, 'Serie 4', 24990, '418d Gran Coupe', 2017, 37197, 1, 2, 3),
(237, 4, 'Serie 3', 20490, '318d', 2017, 37833, 1, 1, 3),
(238, 16, 'Sportage', 13990, '1.6 GDi 132CV Emotion 4x2', 2016, 137000, 3, 2, 3),
(239, 23, 'JUKE', 9990, '1.6 NARU EDITION 4X2', 2013, 123500, 3, 2, 3),
(240, 13, 'i30', 11490, '1.0 TGDI Klass LE', 2017, 65000, 3, 2, 1),
(241, 25, '208', 11990, '5P Signature 1.2L PureTech 60KW (82CV)', 2018, 17600, 3, 2, 1),
(242, 25, '208', 6990, '3P ALLURE 1.2 VTi 82', 2012, 102762, 3, 2, 1),
(243, 6, 'C4 Cactus', 12990, 'PureTech 81KW (110CV) S&S EAT6 Shine', 2017, 24000, 3, 2, 9),
(244, 26, 'Cayenne', 28380, '3.0 TD Tiptronic', 2013, 122000, 1, 1, 7),
(245, 3, 'A3', 25330, 'S line 35 TFSI 110kW (150CV) Sedan', 2019, 63500, 3, 1, 7),
(246, 34, 'Auris', 10880, '90D Active Touring Sports', 2014, 122800, 1, 2, 7),
(247, 25, '3008', 21490, '1.5L BlueHDi 96kW (130CV) S&S Allure', 2018, 93380, 1, 1, 8),
(248, 3, 'A1', 12990, 'S LINE ', 2015, 85700, 3, 2, 8),
(249, 28, 'Ibiza', 11990, '1.2 TSI 105cv FR', 2015, 56455, 3, 2, 6),
(250, 20, 'Benz Clase C', 23990, 'C 220  AMG Line', 2015, 144100, 1, 1, 6),
(251, 3, 'A1', 15490, '1.6 TDI Attraction', 2016, 113000, 1, 2, 4),
(252, 16, 'Picanto', 8680, '1.0 CVVT 49kW (66CV) Tech', 2017, 65600, 3, 2, 7),
(253, 6, 'C4', 10490, 'C4 BlueHDi 120 S&S EAT6 Feel Edition', 2016, 120000, 1, 2, 7),
(254, 27, 'Captur', 21990, 'Zen+ TCe 96kW (130CV) EDC', 2020, 3300, 3, 1, 4),
(255, 6, 'Berlingo', 7490, '1.6 HDi 90 Seduction', 2012, 160000, 1, 2, 4),
(256, 6, 'DS3', 8490, '1.2 VTi 82 Design', 2014, 150075, 3, 2, 2),
(257, 17, 'Rover Range Rover Evoque', 23990, '2.0L TD4 Diesel 150CV 4x4 SE Dynamic', 2015, 75756, 1, 1, 2),
(258, 11, 'Ka+', 10490, '1.2 Ti-VCT 63kW Active', 2019, 40843, 3, 2, 2),
(259, 23, 'Qashqai', 10990, '2.0 dCi TEKNA PREMIUM 4x4 18\" Piel', 2011, 138550, 1, 2, 2),
(260, 6, 'C5 Aircross', 23990, 'BlueHdi 96kW (130CV) S&S C Series', 2021, 27200, 1, 2, 2),
(261, 14, 'F-Pace', 28990, '2.0L i4D AWD Automático Pure', 2016, 82000, 1, 1, 1),
(262, 24, 'Crossland X', 15490, '1.2 96kW (130CV) Innovation S/S', 2019, 66500, 3, 2, 5),
(263, 4, 'Serie 3', 16990, '318d Touring', 2016, 132450, 1, 2, 5),
(264, 28, 'Ibiza', 9290, '1.0 EcoTSI 95cv Style Connect', 2015, 122800, 3, 2, 8),
(265, 22, 'ASX', 15990, '160 MPI Motion', 2018, 60000, 3, 2, 4),
(266, 25, '308', 14990, '5p Allure 2.0 BlueHDi 110KW (150CV)', 2017, 88300, 1, 1, 8),
(267, 8, 'Sandero', 7990, 'Laureate 1.2 75cv', 2016, 45190, 3, 2, 8),
(268, 14, 'F-Pace', 41990, '3.0L TDV6 AWD Automático S', 2016, 53995, 1, 1, 6),
(269, 34, 'Yaris', 11990, '1.0 70 Active', 2019, 28392, 3, 2, 6),
(270, 21, 'Countryman', 23990, 'Cooper D', 2018, 40900, 1, 2, 5),
(271, 11, 'Tourneo Courier', 10990, '1.6 TDCi 95cv Trend', 2015, 121846, 1, 2, 6),
(272, 17, 'Rover Range Rover Evoque', 39990, '2.0L Si4 213kW 4x4 HSE Dynamic Auto', 2017, 32703, 3, 1, 6),
(273, 16, 'Carens', 13990, '1.7 CRDi VGT 104kW(115CV) Drive Eco-Dyn', 2016, 62900, 1, 2, 5),
(274, 21, 'Mini', 14990, 'ONE D 5 PUERTAS', 2017, 113275, 1, 2, 5),
(275, 25, '208', 10990, '5P STYLE 1.6 BlueHDi 73KW (100CV)', 2017, 58323, 1, 2, 3),
(276, 25, '308', 12990, '5p Access 1.6 BlueHDi 73KW (100CV)', 2018, 82172, 1, 2, 3),
(277, 28, 'Arona', 14990, '1.0 TSI 70kW (95CV) Style Ecomotive', 2018, 81533, 3, 2, 3),
(278, 34, 'C-HR', 19990, '1.8 125H Advance', 2018, 51520, 5, 1, 3),
(279, 35, 'Passat CC', 16990, '2.0 TDI 140cv DSG BlueMotion Technology', 2015, 140927, 1, 1, 10),
(280, 6, 'C-Elysée', 11990, 'BlueHDi 73KW (100CV) Shine', 2018, 51712, 1, 2, 10),
(281, 11, 'Fiesta', 8990, '1.25 Duratec 82cv Trend 5p', 2016, 64175, 3, 2, 10),
(282, 3, 'A5', 15490, 'Coupé 2.0 TDI 177 multitronic', 2014, 179383, 1, 1, 10),
(283, 28, 'Ibiza', 12990, '1.0 EcoTSI 70kW Style Connect', 2017, 17561, 3, 2, 10),
(284, 35, 'Polo', 11990, 'Advance 1.2 TSI 90CV BMT DSG', 2015, 95677, 3, 1, 6),
(285, 28, 'Ibiza', 12990, '1.0 MPI 59kW (80CV) Style', 2018, 60000, 3, 2, 9),
(286, 34, 'Avensis', 14990, '2.0 150D BUSINESS ADVANCE TS', 2018, 119000, 1, 2, 6),
(287, 35, 'Golf', 14990, '2.0 TDI 150cv DSG', 2013, 141100, 1, 1, 6),
(288, 20, 'Benz Clase E', 39990, 'Coupé E 220 d', 2018, 99700, 1, 1, 9),
(289, 23, 'Qashqai', 18490, 'dCi 85 kW (115 CV) E6D DCT N-CONNECTA', 2019, 118700, 1, 2, 9),
(290, 11, 'Kuga', 14990, '1.5 TDCi 88kW 4x2 A-S-S Trend', 2017, 69000, 1, 2, 9),
(291, 10, '500X', 13990, 'City Cross 1.6 E-Torq 81kW (110CV) 4x2', 2019, 68300, 3, 2, 9),
(292, 10, '500X', 14990, 'Cross 1.4 MultiAir 103kW (140CV) 4x2', 2017, 89000, 3, 1, 10),
(293, 6, 'C4 Cactus', 9990, 'PureTech 81KW (110CV) S&S Feel', 2016, 118069, 3, 2, 4),
(294, 28, 'Tarraco', 24990, '2.0 TDI 110kW (150CV) S&S Style Plus', 2019, 65833, 1, 2, 6),
(295, 20, 'Benz Citan', 11990, '109 CDI Tourer Base BE', 2018, 82000, 1, 2, 1),
(296, 11, 'EcoSport', 15490, '1.0T EcoBoost 92kW (125CV) S&S ST Line', 2019, 25000, 3, 2, 1),
(297, 6, 'C4 Aircross', 10990, 'HDi 150cv 4x4 Exclusive', 2012, 97500, 1, 2, 1),
(298, 28, 'Ateca', 18990, '1.6 TDI 85kW (115CV) St&Sp Style Eco', 2018, 112250, 1, 2, 5),
(299, 25, '3008', 19490, '1.6BLUEHDI 120 HP ALLURE S&S', 2016, 95200, 1, 2, 5),
(300, 6, 'C4 Picasso', 10990, '1.6 HDi 90cv Attraction', 2014, 86007, 1, 2, 10),
(301, 33, 'Vitara', 15490, '1.4 T GLX', 2019, 72073, 3, 2, 10),
(302, 25, '208', 7490, '5P ALLURE 1.2L PureTech 82', 2015, 145954, 3, 2, 10),
(303, 4, 'Serie 1', 12490, '116d', 2013, 75600, 1, 2, 5),
(304, 3, 'Q3', 21490, 'Sport ed 2.0 TDI 135kW(184CV) quat S tro', 2017, 161400, 1, 1, 5),
(305, 13, 'ix20', 9990, '1.4 MPI Klass', 2014, 57800, 3, 2, 5),
(306, 29, 'Rapid', 8210, '1.2 TSI 66KW (90cv) Active', 2016, 73000, 3, 2, 7),
(307, 25, '208', 15990, 'PureTech 73kW (100CV) EAT8 Active', 2020, 21660, 3, 1, 9),
(308, 10, 'Tipo', 6990, '1.4 Lounge 88kW (120CV) gasolina/GLP 5p.', 2018, 189800, 4, 2, 9),
(309, 4, 'X1', 10990, 'sDrive20d', 2012, 135000, 1, 2, 9),
(310, 13, 'ix35', 7990, '1.7 CRDi GL Classic 4x2', 2012, 186350, 1, 2, 9),
(311, 4, 'Serie 1', 15990, '116d EfficientDynamics', 2017, 98600, 1, 2, 9),
(312, 4, 'X1', 20490, 'xDrive18d', 2018, 110000, 1, 1, 9),
(313, 11, 'Fiesta', 13990, '1.5 TDCi 63kW Trend+ 5p', 2018, 28467, 1, 2, 9),
(314, 6, 'C3', 11990, 'CITROEN C3 EDITION ELLE', 2019, 44200, 3, 2, 9),
(315, 4, 'Serie 3', 15490, '318d Touring', 2015, 144900, 1, 1, 9),
(316, 34, 'Auris', 15990, '1.8 140H Advance Touring Sports', 2018, 64000, 5, 1, 9),
(317, 3, 'Q3', 29990, '35 TFSI 110kW (150CV)', 2019, 18200, 3, 1, 7),
(318, 10, 'Tipo', 9990, '1.4 16v Lounge 70kW (95CV) gasolina 5p.', 2017, 80131, 3, 2, 8),
(319, 10, '500', 11490, 'Lounge 1.2 8v 51KW (69 CV)', 2019, 40000, 3, 2, 4),
(320, 16, 'Picanto', 10990, '1.0 CVVT 49kW (67CV) Concept', 2019, 16509, 3, 2, 4),
(321, 20, 'Benz Clase GLE Coupé', 58990, 'Mercedes-AMG GLE 43 4MATIC', 2018, 111000, 3, 1, 4),
(322, 25, '2008', 12490, 'Allure 1.2 PureTech 130 S&S', 2016, 87000, 3, 2, 4),
(323, 20, 'Benz Clase GLC', 34990, 'GLC 250 d 4MATIC', 2018, 77738, 1, 1, 2),
(324, 30, 'Fortwo', 10490, '0.9 66kW (90CV) S/S PROXY COUPE', 2016, 51500, 3, 2, 1),
(325, 25, '308', 10990, '5p Access 1.6 BlueHDi 73KW (100CV)', 2017, 115000, 1, 2, 4),
(326, 4, 'Serie 3', 23990, '320d xDrive Gran Turismo', 2017, 126000, 1, 1, 4),
(327, 22, 'ASX', 9990, '200 DI-D Motion', 2011, 98814, 1, 2, 2),
(328, 4, 'X5', 30990, 'sDrive25d', 2018, 101240, 1, 1, 10),
(329, 35, 'Scirocco', 16990, 'Typhoon by R-Line 1.4 TSI 92kW (125CV)', 2017, 73153, 3, 2, 3),
(330, 35, 'Golf', 14990, 'Advance 1.6 TDI BMT', 2017, 65655, 1, 2, 3),
(331, 27, 'Clio', 6990, 'Dynamique Energy dCi 90 S&S eco2', 2013, 161540, 1, 2, 5),
(332, 4, 'Serie 5', 20990, '520d', 2017, 178000, 1, 1, 9),
(333, 35, 'Golf', 10990, 'Advance 1.6 TDI 105cv BMT DSG', 2013, 136000, 1, 1, 9),
(334, 28, 'Ibiza', 9490, '1.6 TDI 105cv FR', 2015, 112700, 1, 2, 5),
(335, 14, 'XE', 22990, '2.0 Diesel 132kW RWD Pure Auto', 2019, 51080, 1, 1, 8),
(336, 23, 'X-Trail', 19970, '7 Pl. DIG-T 120 kW (163 CV) N-CONNECTA', 2018, 55250, 3, 2, 7),
(337, 23, 'JUKE', 11180, 'DIG-T EU6 85 kW (115 CV) 6M/T ACENTA', 2018, 122900, 3, 2, 7),
(338, 11, 'Focus', 15990, '1.0 Ecoboost 92kW ST-Line', 2019, 30058, 3, 2, 8),
(339, 11, 'Kuga', 23490, 'Titanium 1.5 EcoBlue 88kW (120CV) Auto', 2020, 28000, 1, 1, 8),
(340, 16, 'Ceed', 15990, '1.0 T-GDi 88kW (120CV) Business', 2020, 22800, 3, 2, 8),
(341, 35, 'T-Roc', 23460, 'Advance Style 2.0 TDI 110kW (150CV)', 2019, 19500, 1, 2, 7),
(342, 12, 'CR-V', 14990, '2.2 i-DTEC Comfort', 2013, 110000, 1, 2, 7),
(343, 20, 'Benz Vito', 16490, '110 CDI Compacta', 2014, 70000, 1, 2, 7),
(344, 16, 'Sportage', 14490, '1.7 CRDi VGT 115CV Drive 4x2 Eco-Dynam', 2016, 118000, 1, 2, 7),
(345, 28, 'Leon', 13580, '2.0 TDI 150cv St&Sp FR', 2014, 90000, 1, 2, 7),
(346, 11, 'Kuga', 13990, '2.0 TDCi 140 4x2 Trend', 2014, 69429, 1, 2, 2),
(347, 30, 'Forfour', 12490, '60kW(81CV) electric drive', 2018, 60000, 2, 1, 1),
(348, 34, 'Yaris', 10990, '1.0 70 Business', 2019, 16184, 3, 2, 6),
(349, 15, 'Renegade', 24990, 'Limited 1.3G 112kW (150CV) 4x2 DCT', 2021, 6500, 3, 1, 1),
(350, 21, 'Mini', 14990, 'Mini Cooper Cabrio', 2016, 62832, 3, 2, 9),
(351, 34, 'Auris', 17490, '1.8 140H Hybrid Advance', 2016, 36000, 5, 1, 1),
(352, 16, 'Picanto', 11990, '1.0 DPi 49kW (67CV) Concept', 2021, 3800, 3, 2, 1),
(353, 21, 'Countryman', 14990, 'COOPER D COUNTRYMAN automático', 2015, 145278, 1, 1, 2),
(354, 11, 'Grand C-Max', 11490, '1.5 TDCi 120CV Titanium', 2016, 165000, 1, 2, 5),
(355, 22, 'Outlander', 10990, '2.2 2WD Intense', 2014, 154300, 1, 2, 1),
(356, 16, 'Stonic', 15990, '1.0 T-GDi 74kW (100CV) Tech', 2019, 64000, 3, 2, 5),
(357, 3, 'A1', 20990, '30 TFSI 85kW (116CV) Sportback SLine ', 2019, 40457, 3, 2, 6),
(358, 24, 'Astra', 11490, '1.6 CDTi S/S 110 CV Selective', 2015, 45300, 1, 2, 5),
(359, 6, 'C4 Cactus', 14480, 'BlueHDi 73KW (100CV) Shine', 2018, 41360, 1, 2, 7),
(360, 36, 'XC40', 28990, '1.5 T2 Momentum Core', 2021, 6000, 3, 2, 9),
(361, 16, 'Ceed', 13990, '1.0 T-GDi 88kW (120CV) Tech', 2019, 70000, 3, 2, 9),
(362, 13, 'Tucson', 16990, '1.6 GDi Tecno 4x2', 2018, 43390, 3, 2, 3),
(363, 6, 'C3', 11990, 'PureTech 60KW (82CV) FEEL', 2018, 55145, 3, 2, 3),
(364, 27, 'Megane', 11990, 'Intens Energy dCi 81kW (110CV)', 2016, 86310, 1, 2, 4),
(365, 11, 'Fiesta', 8990, '1.0 EcoBoost 100cv Powershift Trend 5p', 2015, 71100, 3, 2, 4),
(366, 23, 'Note', 7490, '5p. 1.2G 80CV Acenta', 2015, 85000, 3, 2, 1),
(367, 28, 'Leon', 10990, 'SC 1.2 TSI 110cv St&Sp Style', 2014, 95650, 3, 2, 1),
(368, 35, 'Tiguan', 15990, 'Sport 2.0 TDI 140CV DSG BMT 4Motion', 2015, 146500, 1, 1, 1),
(369, 10, 'Tipo', 9990, '1.3 Lounge 70kW (95CV) diesel Multijet', 2017, 73700, 1, 2, 8),
(370, 20, 'Benz Clase GLA', 27990, 'GLA 220D acabado AMG', 2018, 75716, 1, 1, 10),
(371, 4, 'X5', 82580, 'xDrive30d', 2021, 14000, 5, 1, 7),
(372, 24, 'Corsa', 10990, '1.4 Selective 66kW (90CV)', 2018, 47450, 3, 2, 5),
(373, 11, 'Focus', 16490, '1.0 Ecoboost 92kW ST-Line', 2019, 28592, 3, 2, 2),
(374, 25, '208', 10490, '5P STYLE 1.2L PureTech 110', 2016, 80826, 3, 2, 2),
(375, 23, 'Qashqai', 18490, 'DIG-T 117 kW (160 CV) E6D DCT N-CONNECTA', 2019, 109575, 3, 1, 2),
(376, 21, 'Mini', 20990, 'COOPER 5 PUERTAS', 2019, 20525, 3, 1, 2),
(377, 28, 'Leon', 18990, '1.5 TSI 110kW (150CV) DSG-7 St&Sp FR', 2019, 49200, 3, 1, 5),
(378, 11, 'Fiesta', 13490, '1.5 TDCi 63kW Active 5p', 2019, 71000, 1, 2, 5),
(379, 27, 'Clio', 14990, 'Zen TCe 67 kW (91CV)', 2019, 22137, 3, 2, 5),
(380, 14, 'F-Pace', 34990, '2.0L i4D 177kW R-Sport AWD Auto', 2018, 32920, 1, 1, 1),
(381, 28, 'Ateca', 20990, '1.4 EcoTSI 110kW (150CV) DSG-7 S&S Xcel', 2017, 15000, 3, 1, 1),
(382, 11, 'Focus', 17990, '1.0 Ecoboost 92kW ST-Line', 2019, 42800, 3, 2, 1),
(383, 16, 'Ceed', 12990, '1.4 CVVT 74kW (100CV) Drive', 2018, 30000, 3, 2, 1),
(384, 7, 'Ateca', 31990, '2.0 TSI 221kW (300CV) 4Drive DSG St&Sp', 2019, 30000, 3, 1, 1),
(385, 34, 'Corolla', 22990, '2.0 180H FEEL! E-CVT TOURING SPORT', 2020, 21450, 5, 1, 1),
(386, 35, 'Scirocco', 16990, 'R-Line 2.0 TDI 110kW(150CV) BMT DSG', 2017, 110700, 1, 1, 1),
(387, 15, 'Compass', 17990, '1.4 Mair 103kW Longitude 4x2', 2018, 13000, 3, 2, 1),
(388, 16, 'Sportage', 9990, '1.6 GDI Drive 4x2', 2011, 101000, 3, 2, 1),
(389, 3, 'Q3', 19990, '2.0 TDI 184CV quattro S tronic', 2016, 144042, 1, 1, 1),
(390, 3, 'A1', 9990, '1.6 TDI 90cv Attraction', 2014, 142359, 1, 2, 1),
(391, 6, 'C3', 7990, 'HDI 70 Collection', 2014, 47100, 1, 2, 5),
(392, 20, 'Benz Clase C', 18970, 'C 220 BlueTEC', 2015, 170000, 1, 1, 7),
(393, 11, 'Focus', 16990, '1.0 Ecoboost 92kW Titanium', 2019, 26500, 3, 2, 5),
(394, 12, 'Civic', 36990, '2.0 I-VTEC TURBO TYPE R S', 2018, 17349, 3, 2, 10),
(395, 36, 'V40', 13490, '1.6 D2 Summum', 2014, 61987, 1, 2, 10),
(396, 24, 'Zafira Tourer', 10990, '1.6 CDTi S/S 120 CV Expression', 2016, 82650, 1, 2, 8),
(397, 10, 'Panda', 10490, '1.2 City Cross 51kW (69CV) EU6', 2018, 53021, 3, 2, 10),
(398, 3, 'TT', 23990, 'Roadster 2.0 TFSI 230CV quat S tr S line', 2015, 155223, 3, 1, 10),
(399, 20, 'Benz Clase GLC', 33860, 'GLC 220 d 4MATIC', 2018, 87500, 1, 1, 7),
(400, 3, 'A4', 19590, '2.0 TDI 110kW(150CV)', 2017, 101567, 1, 2, 10),
(401, 28, 'Alhambra', 12990, '2.0 TDI 140 CV Ecomotive Style', 2014, 163000, 1, 2, 7),
(402, 11, 'Focus', 18780, '1.0 Ecoboost 92kW Trend+', 2019, 71000, 3, 2, 7),
(403, 28, 'Ibiza', 11790, '1.0 MPI 59kW (80CV) Style', 2018, 53000, 3, 2, 7),
(404, 3, 'A7', 20990, 'Sportback 3.0 TDI 245cv quattro S tronic', 2011, 137000, 1, 1, 7),
(405, 28, 'Leon', 17490, 'ST 1.4 TSI 110kW ACT DSG-7 St&Sp FR', 2017, 47120, 3, 1, 5),
(406, 15, 'Grand Cherokee', 17360, '3.0 V6 CRD Limited 241 CV', 2011, 160000, 1, 1, 7),
(407, 10, '500', 12990, 'S 1.2 8v 51KW (69 CV)', 2019, 28669, 3, 2, 4),
(408, 28, 'Leon', 14990, '2.0 TDI 150cv St&Sp FR', 2015, 147978, 1, 2, 6),
(409, 11, 'Fiesta', 14490, '1.0 EcoBoost 70kW (95CV) ST-Line S/S 5p', 2020, 11920, 3, 2, 8),
(410, 16, 'ProCeed', 14490, '1.6 CRDi VGT 128CV Emotion Eco-Dynamics', 2015, 92000, 1, 2, 1),
(411, 27, 'Espace', 14990, 'Zen Energy dCi 160 Twin Turbo EDC', 2015, 130165, 1, 1, 3),
(412, 19, 'MX-5', 16990, '1.5 96kW (131CV) Luxury', 2017, 106000, 3, 2, 3),
(413, 28, 'Leon', 24990, '2.0 TSI 221kW (300CV) DSG-6 St&Sp CUPRA', 2017, 53500, 3, 1, 3),
(414, 28, 'Ibiza', 16990, '1.5 TSI 110kW (150CV) FR', 2018, 92959, 3, 2, 6),
(415, 8, 'Logan', 7490, 'MCV Laureate dCi 90', 2015, 50500, 1, 2, 6),
(416, 6, 'C4 Cactus', 8990, 'BlueHDi 100 Shine Edition Urban', 2015, 154565, 1, 2, 6),
(417, 23, 'JUKE', 9990, '1.6 NARU EDITION 4X2', 2013, 95142, 3, 2, 6),
(418, 25, '108', 7990, 'Top! Allure 1.2 PureTech 82', 2015, 61500, 3, 2, 6),
(419, 6, 'Berlingo', 8990, 'Multispace LIVE Edition HDi 90 ', 2016, 142350, 1, 2, 9),
(420, 16, 'Sportage', 19990, '1.7 CRDi VGT GT Line DCT 4x2 Eco-Dynam', 2017, 86600, 1, 1, 9),
(421, 24, 'Insignia', 11990, '1.6 CDTI S&S 88kW (120CV) Business', 2017, 98700, 1, 2, 9),
(422, 35, 'Tiguan', 22490, 'Sport 2.0 TDI 150CV BMT 4Motion DSG', 2016, 141350, 1, 1, 9),
(423, 11, 'Focus', 10990, '1.5 TDCi E6 120cv PowerhS. Trend+', 2016, 125600, 1, 2, 9),
(424, 23, 'Qashqai', 14990, 'dCi 81 kW (110 CV) ACENTA', 2017, 131000, 1, 2, 9),
(425, 25, '108', 8990, '1.2 PureTech 60KW (82CV)', 2018, 60000, 3, 2, 4),
(426, 10, '500X', 17290, 'City Cross 1,0 Firefly T3 88KW S&S', 2020, 13423, 3, 2, 4),
(427, 30, 'Fortwo', 12490, '0.9 66kW (90CV) CABRIO', 2017, 68180, 3, 1, 4),
(428, 35, 'Polo', 9290, '1.2 TSI 90cv R-Line', 2013, 129980, 3, 2, 8),
(429, 11, 'Focus', 16490, '1.0 Ecoboost 92kW ST-Line', 2019, 58520, 3, 2, 8),
(430, 11, 'Ka', 7490, 'Trend+ 1.2 Duratec Auto-Start-Stop', 2016, 48000, 3, 2, 4),
(431, 20, 'Benz Clase C', 15990, 'C 220 CDI 4MATIC Estate', 2014, 201000, 1, 1, 7),
(432, 20, 'Benz Clase E', 34490, 'Coupé E 220 d', 2017, 95950, 1, 1, 5),
(433, 34, 'Yaris', 15990, '1.5 Hybrid Active', 2019, 38255, 5, 1, 2),
(434, 28, 'Leon', 8490, '1.6 TDI 105cv E-Ecomotive Style', 2012, 169927, 1, 2, 2),
(435, 34, 'Land Cruiser', 33990, '2.8 D-4D VXL AUTO', 2015, 157515, 1, 1, 2),
(436, 16, 'Sorento', 22490, '2.2 CRDi 147kW (200CV) Drive Auto 4x2', 2017, 115601, 1, 1, 2),
(437, 34, 'Yaris', 14590, '1.5 Hybrid Advance', 2018, 56935, 5, 1, 10),
(438, 20, 'Benz Clase A', 14490, 'A 200 CDI BlueEFFICIENCY AMG Sport', 2013, 145240, 1, 2, 6),
(439, 24, 'Adam', 9990, '1.2 XEL JAM', 2016, 32806, 3, 2, 6),
(440, 17, 'Rover Range Rover Evoque', 22990, '2.0L TD4 180CV 4x4 SE Dynamic Auto', 2016, 109296, 1, 1, 6),
(441, 24, 'Astra', 12490, '1.4 Turbo S/S 92kW (125CV) Selective ST', 2017, 40000, 3, 2, 9),
(442, 27, 'Clio 4', 11990, 'Zen Energy TCe 88kW (120CV)', 2016, 56300, 3, 2, 9),
(443, 11, 'Focus', 17990, '1.0 Ecoboost 92kW ST-Line', 2019, 25543, 3, 2, 3),
(444, 34, 'Auris', 12990, 'Hybrid Active', 2014, 65989, 5, 1, 5),
(445, 28, 'Leon', 16490, '1.4 TSI 92kW (125CV) St&Sp FR', 2016, 63910, 3, 2, 5),
(446, 35, 'Golf', 9990, 'Variant Advance 1.6 TDI 105cv BMT DSG', 2013, 158500, 1, 1, 1),
(447, 25, '2008', 16990, 'Allure 1.2 PureTech 81KW (110CV) Auto', 2019, 32550, 3, 1, 5),
(448, 21, 'Countryman', 19990, 'One', 2018, 28492, 3, 2, 9),
(449, 23, 'JUKE', 13990, 'G E6D-Temp 83 kW (112 CV) 5M/T ACENTA', 2019, 13500, 3, 2, 5),
(450, 36, 'XC40', 28490, '2.0 D4 AWD Momentum Auto', 2018, 128000, 1, 1, 9),
(451, 3, 'A5', 32490, '40 TDI  140kW quattro S tronic Sportback S-LINE', 2019, 61800, 1, 1, 9),
(452, 25, '3008', 23490, '2.0BLUEHDI 133KW (180CV) GT AUTO S&S', 2018, 130500, 1, 1, 9),
(453, 28, 'Leon', 16710, '1.5 TSI 110kW (150CV) DSG-7 S&S FR Ed Pl', 2019, 50500, 3, 2, 7),
(454, 34, 'Rav4', 31990, '2.5. Hibryd 180 CV. Automatica', 2020, 21000, 5, 1, 7),
(455, 34, 'Rav4', 19990, '2.5l hybrid 2WD Advance', 2017, 133000, 5, 1, 7),
(456, 27, 'Grand Scenic', 18990, 'Zen Energy TCe 103kW (140CV) EDC', 2018, 46000, 3, 2, 1),
(457, 8, 'Sandero', 8990, 'Stepway dCi 90', 2015, 96960, 1, 2, 7),
(458, 20, 'Benz Clase GLE', 28990, 'GLE 250 d 4MATIC', 2016, 103500, 1, 1, 7),
(459, 19, 'MX-5', 21490, '2.0 118kW (160CV) Zenith', 2018, 18000, 3, 2, 7),
(460, 17, 'Rover Range Rover Evoque', 17490, '2.2L TD4 150CV 4x4 Dynamic', 2013, 137000, 1, 2, 7),
(461, 35, 'Scirocco', 12990, '1.4 TSI 122cv by R-Line', 2013, 113800, 3, 2, 6),
(462, 25, 'Partner', 14990, 'TEPEE Outdoor 1.6 BlueHDi 73KW (100CV)', 2017, 87550, 1, 2, 6),
(463, 20, 'Benz Clase A', 22990, 'A 180 d', 2018, 56099, 1, 1, 3),
(464, 20, 'Benz Clase C', 19990, 'C 220 BlueTEC Estate', 2015, 108000, 1, 1, 3),
(465, 7, 'Formentor', 27990, '1.5 TSI 110kW (150 CV)', 2021, 6308, 3, 2, 8),
(466, 10, '500L', 8790, '1.3 16v Multijet II 85CV Start&Stop', 2014, 109162, 1, 2, 8),
(467, 27, 'Grand Scenic', 17490, 'Edition One Energy TCe 97kW (130CV)', 2017, 47154, 3, 2, 10),
(468, 27, 'Talisman', 14990, 'Limited Energy dCi 81kW (110CV)', 2018, 41368, 1, 2, 10),
(469, 19, 'CX-3', 22490, '2.0 SKYACTIV GE Luxury 2WD AT', 2018, 20545, 3, 1, 10),
(470, 12, 'CR-V', 17990, '1.6 i-DTEC 88kW (120CV) 4x2 Eleg Pl Nav', 2016, 63800, 1, 2, 1),
(471, 22, 'ASX', 15990, '160 MPI Motion', 2018, 95274, 3, 2, 10),
(472, 25, '308', 9990, 'SW Active 1.6 BlueHDi 100 FAP', 2015, 116806, 1, 2, 10),
(473, 17, 'Rover Range Rover Evoque', 20490, '2.2L SD4 190CV 4x4 Prestige Limited Edition', 2014, 186166, 1, 1, 10),
(474, 4, 'Serie 3', 20990, '318dA Gran Turismo', 2015, 126000, 1, 1, 10),
(475, 19, 'Mazda3', 18990, '1.8 SKYACTIV-D ORIGIN', 2019, 41000, 1, 2, 1),
(476, 12, 'Civic', 15490, '1.0 I-VTEC TURBO COMFORT', 2017, 95694, 3, 2, 10),
(477, 34, 'Yaris', 10990, '1.5 Hybrid Active', 2016, 97500, 5, 1, 1),
(478, 26, 'Cayenne', 38490, 'S Diesel', 2017, 162573, 1, 1, 2),
(479, 28, 'Leon', 28990, '2.0 TSI 213kW (290CV) DSG-7 St&Sp Cupra', 2020, 9870, 3, 1, 2),
(480, 20, 'Benz Clase GLA', 23990, 'GLA 220 d', 2018, 46178, 1, 1, 2),
(481, 28, 'Ibiza', 13990, '1.0 EcoTSI 85kW (115CV) FR', 2018, 82477, 3, 2, 2),
(482, 4, 'Serie 4', 24490, '430dA Gran Coupe', 2017, 178060, 1, 1, 5),
(483, 28, 'Leon', 12990, '1.4 TSI 140cv St&Sp FR', 2014, 80500, 3, 2, 5),
(484, 27, 'Scenic', 23490, 'Zen Blue dCi 110 kW (150CV) EDC - SS', 2020, 13379, 1, 2, 9),
(485, 3, 'A3', 17490, '2.0 TDI clean d 150CV S line edition', 2016, 113800, 1, 2, 9),
(486, 10, '500L', 14490, '1.4 16v 70kW (95CV) City Cross', 2019, 24300, 3, 2, 9),
(487, 27, 'Clio', 10990, 'Zen Energy TCe 66kW (90CV) -18', 2018, 55055, 3, 2, 9),
(488, 11, 'Focus', 16990, '1.0 Ecoboost 92kW ST-Line Auto', 2019, 62000, 3, 1, 3),
(489, 11, 'Fiesta', 14990, '1.0 EcoBoost 74kW Active S/S 5p', 2019, 21000, 3, 2, 3),
(490, 3, 'A3', 16490, 'design edition 1.6 TDI Sedan', 2016, 133000, 1, 2, 3),
(491, 11, 'Kuga', 15490, '1.5 EcoBoost 110kW A-S-S 4x2 Trend+', 2017, 67517, 3, 2, 5),
(492, 6, 'C4', 11990, 'C4 BlueHDi 88KW (120CV) Feel Edition', 2016, 70000, 1, 2, 4),
(493, 35, 'Scirocco', 14990, '1.4 TSI 125CV R-Line BMT', 2015, 90083, 3, 2, 10),
(494, 4, 'i3', 20490, '94ah', 2018, 90680, 2, 1, 10),
(495, 4, 'Serie 4', 25490, '420d xDrive Automática Gran Coupe', 2016, 100192, 1, 1, 10),
(496, 34, 'C-HR', 19990, '1.8 125H Active', 2018, 49424, 5, 1, 10),
(497, 25, '208', 9990, '5P ACCESS 1.0L PureTech 68', 2016, 47658, 3, 2, 10),
(498, 21, 'Countryman', 10490, '1.6 One D', 2013, 160500, 1, 2, 4),
(499, 35, 'Scirocco', 13990, '2.0 TDI 177cv DSG', 2013, 125000, 1, 1, 4),
(500, 1, '500', 13990, '1.4 16v T-Jet 135cv E6', 2015, 43000, 3, 2, 4),
(501, 34, 'Auris', 15490, '1.8 140H Hybrid Active', 2018, 82800, 5, 1, 4),
(502, 20, 'Benz Clase CLA', 21990, 'CLA 200 d', 2017, 128754, 1, 2, 3),
(503, 28, 'Altea', 5990, '1.6 TDI 105cv Style Ecomotive', 2010, 132699, 1, 2, 3),
(504, 16, 'Carens', 9990, '1.7 CRDi VGT 136CV Drive 5pl', 2015, 113299, 1, 2, 3),
(505, 6, 'Berlingo', 19990, 'Talla M PureTech 110 S&S SHINE XTR', 2019, 45000, 3, 2, 3),
(506, 28, 'Leon', 14990, 'ST 2.0 TDI 150cv 4Drive St&Sp X-perience', 2015, 122631, 1, 2, 2),
(507, 35, 'Tiguan', 15990, 'T1 2.0 TDI 110CV BMT 4x2', 2016, 151500, 1, 2, 4),
(508, 35, 'Multivan', 34490, 'Premium Corto 2.0 TDI 110kW BMT DSG', 2016, 83000, 1, 1, 2),
(509, 19, 'Mazda3', 14490, '2.0 GE 120 AT Style Confort SDN', 2015, 85000, 3, 1, 5),
(510, 27, 'Scenic', 10490, 'Limited Energy Tce 115', 2014, 73196, 3, 2, 7),
(511, 25, '2008', 13470, 'Style 1.2L PureTech 81KW (110CV)S&S EAT6', 2017, 59283, 3, 1, 7),
(512, 3, 'Q3', 17180, '1.4 TFSI 150cv S tronic Ambition', 2014, 130601, 3, 1, 7),
(513, 4, 'Serie 3', 19990, '330d', 2015, 150000, 1, 1, 7),
(514, 15, 'Renegade', 17990, '1.0G 88kW Longitude 4x2', 2019, 38500, 3, 2, 1),
(515, 22, 'ASX', 17990, '160 MPI Motion', 2018, 31100, 3, 2, 1),
(516, 8, 'Duster', 17990, 'SL Aniversario TCE 110kW (150CV) 4X2 GPF', 2020, 26500, 3, 2, 1),
(517, 10, '500L', 12990, 'Pop Star 1.6 16v Mjet 88kW (120CV) S&S', 2016, 52102, 1, 2, 5),
(518, 25, '3008', 20990, '2.0BLUEHDI 110KW (150CV) GT LINE S&S', 2017, 64200, 1, 2, 1),
(519, 6, 'C1', 9490, 'PureTech 60KW (82CV) Feel', 2018, 16000, 3, 2, 5),
(520, 25, '308', 17990, 'GT Line PureTech 130 S&S EAT8', 2019, 68200, 3, 1, 1),
(521, 28, 'Leon', 19990, 'ST 2.0 TDI 110kW (150CV) DSG-6 St&Sp FR', 2018, 71520, 1, 1, 1),
(522, 27, 'Captur', 11990, 'Zen Energy TCe 90 eco2 Euro 6', 2015, 49100, 3, 2, 1),
(523, 6, 'C3', 10990, 'PureTech 60KW (82CV) FEEL', 2018, 34000, 3, 2, 1),
(524, 4, 'X2', 30990, 'sDrive18d', 2018, 63166, 1, 1, 10),
(525, 28, 'Leon', 24790, '2.0 TSI 221kW (300CV) St&Sp CUPRA', 2018, 62147, 3, 2, 10),
(526, 19, 'CX-5', 12490, '2.2 110kW (150CV) DE 4WD Luxury', 2016, 198000, 1, 2, 10),
(527, 25, '3008', 19990, '1.5L BlueHDi 96kW (130CV) S&S GT Line', 2018, 114000, 1, 1, 9),
(528, 25, '208', 11490, '5P STYLE S 1.6 BlueHDi 73KW (100CV)', 2017, 78000, 1, 2, 9),
(529, 24, 'Insignia', 13490, 'GS 1.6 CDTi 81kW ecoTEC D Business', 2017, 110000, 1, 2, 9),
(530, 28, 'Ateca', 19490, '1.0 TSI 85kW (115CV) St&Sp Style Eco', 2020, 32000, 3, 2, 9),
(531, 35, 'Sharan', 23990, 'Advance 2.0 TDI 150CV 4Motion BMT', 2016, 87000, 1, 2, 9),
(532, 23, 'JUKE', 12490, 'G EU6 86 kW (117 CV) XTRONIC N-CONNECTA', 2017, 97700, 3, 1, 9),
(533, 8, 'Logan', 9490, 'Ambiance 1.2 75 EU6', 2016, 4840, 3, 2, 9),
(534, 18, 'IS', 20490, '2.5 300h Business', 2018, 91620, 5, 1, 9),
(535, 25, '2008', 19990, 'Allure Puretech 100 S&S BVM6', 2020, 23000, 3, 2, 9),
(536, 11, 'Focus', 11990, '1.0 Ecoboost Auto-St.-St. 92kW Business', 2017, 61901, 3, 2, 2),
(537, 23, 'X-Trail', 16990, '1.6 dCi XTRONIC TEKNA', 2017, 99566, 1, 2, 2),
(538, 35, 'Golf', 16990, 'Advance 2.0 TDI 150CV BMT', 2016, 21416, 1, 2, 2),
(539, 6, 'C4 Cactus', 14490, 'PureTech 110 S&S Feel', 2020, 24060, 3, 2, 2),
(540, 8, 'Sandero', 8490, 'SL AuDacia dCi 90', 2015, 21050, 1, 2, 7),
(541, 6, 'C4 Cactus', 11490, 'BlueHDi 73KW (100CV) Feel', 2017, 117409, 1, 2, 10),
(542, 34, 'Land Cruiser', 32990, '2.8 D-4D VX', 2016, 52345, 1, 2, 6),
(543, 2, 'Romeo Mito', 7990, '1.3 JTDm 85CV S&S Distinctive', 2014, 76586, 1, 2, 3),
(544, 14, 'XF', 10990, '3.0 V6 Diésel Luxury', 2011, 163000, 1, 1, 3),
(545, 23, 'JUKE', 13990, 'G E6D-Temp 83kW(112CV) 5M/T BOSE PE BLA.', 2019, 43339, 3, 2, 1),
(546, 34, 'Yaris', 13490, '1.5 Hybrid Active', 2017, 79648, 5, 1, 6),
(547, 27, 'Clio', 8290, '1.0  GASOLINA 90CV ', 2013, 102000, 3, 2, 8),
(548, 13, 'Tucson', 16990, '1.6 GDi Tecno 4x2', 2018, 53507, 3, 2, 10),
(549, 16, 'Rio', 7990, '1.2 CVVT 85cv Concept', 2014, 75830, 3, 2, 6),
(550, 35, 'Golf', 23990, 'Life 1.5 TSI 96kW (130CV)', 2020, 14722, 3, 2, 6),
(551, 16, 'Sportage', 21990, '1.6 T-GDi 130kW (177CV) GT Line 4x4', 2018, 17228, 3, 1, 6),
(552, 16, 'Ceed', 12990, '1.0 T-GDi 74 kW Concept Plus Eco-Dynam', 2018, 52127, 3, 2, 10),
(553, 4, 'Serie 1', 13990, '116d EfficientDynamics', 2015, 52407, 1, 2, 4),
(554, 26, 'Cayenne', 22990, '3.0 S Hybrid Tiptronic', 2011, 169227, 5, 1, 3),
(555, 11, 'Focus', 10490, '1.0 Ecoboost Auto-Start-Stop 100cv Trend', 2014, 93000, 3, 2, 6),
(556, 25, '2008', 21790, 'Allure Pack BlueHDI 81kW (110CV)', 2021, 2054, 1, 2, 10),
(557, 1, '500', 15490, '1.4 16v T-Jet 595 118kW (160CV) Pista E6', 2018, 51116, 3, 2, 10),
(558, 27, 'Megane', 12490, 'Bose Energy dCi 96kW (130CV)', 2016, 102782, 1, 2, 10),
(559, 11, 'Fiesta', 15490, '1.0 EcoBoost 70kW (95CV) ST-Line S/S 5p', 2019, 6500, 3, 2, 3),
(560, 2, 'Romeo Mito', 9990, '1.3 JTDM 85cv TECH A+B 5M Junior', 2015, 44500, 1, 2, 7),
(561, 28, 'Ibiza', 8990, '1.2 12v 70cv Reference ITech 30 Aniv', 2015, 28500, 3, 2, 8),
(562, 4, 'X3', 30490, 'xDrive20d', 2018, 160816, 1, 1, 10),
(563, 4, 'Serie 3', 17990, '318d', 2016, 91467, 1, 2, 10),
(564, 16, 'Ceed', 13490, '1.6 CRDi VGT 100kW (136CV) Drive', 2018, 72263, 1, 2, 10),
(565, 11, 'Grand C-Max', 15990, '1.0 EcoBoost 92kW (125CV) Titanium', 2019, 59500, 3, 2, 7),
(566, 25, '3008', 11430, 'Style 1.6 BlueHDI 120 FAP', 2016, 94500, 1, 2, 7),
(567, 18, 'CT', 17990, '1.8 200h Business', 2018, 82167, 5, 1, 9),
(568, 27, 'Scenic', 10520, 'Selection Energy Tce 115', 2015, 55000, 3, 2, 7),
(569, 35, 'Polo', 11990, 'Sport 1.2 TSI 90cv BMT by R-Line', 2015, 76490, 3, 2, 5),
(570, 24, 'Corsa', 10990, '1.4 Color Edition 90 CV', 2016, 32200, 3, 2, 6),
(571, 27, 'Clio', 18990, 'RS Energy 147kW (200CV) EDC', 2017, 72000, 3, 1, 7),
(572, 16, 'Sportage', 15490, '1.6 GDi 97kW (132CV) Emotion 4x2', 2017, 93232, 3, 2, 7),
(573, 23, 'Qashqai', 10770, '1.5dCi S&S ACENTA 4x2', 2014, 147169, 1, 2, 7),
(574, 9, 'DS 4', 8790, '1.6 HDi 90cv Design', 2015, 91700, 1, 2, 7),
(575, 3, 'A5', 20970, 'Sportback 2.0 TDI clean 190CV quat S tro', 2016, 102000, 1, 1, 7),
(576, 28, 'Leon', 18990, '1.5 TSI 110kW (150CV) St&Sp FR', 2019, 51850, 3, 2, 7),
(577, 28, 'Leon', 21990, 'CUPRA 290 DSG', 2017, 93298, 3, 1, 2),
(578, 4, 'Serie 1', 14990, '118d PACK-M', 2015, 116900, 1, 2, 5),
(579, 3, 'Q3', 22990, '1.4 TFSI 150CV S tronic CoD', 2016, 101794, 3, 1, 2),
(580, 10, 'Tipo', 8990, '1.4 T-Jet 16v Lounge 88kW (120CV) GLP', 2018, 118548, 4, 2, 2),
(581, 28, 'Arona', 13990, '1.0 TSI 70kW (95CV) Style Ecomotive', 2018, 44979, 3, 2, 2),
(582, 4, 'X4', 23490, 'xDrive30d', 2014, 168900, 1, 1, 5),
(583, 34, 'Verso', 15990, '1.6 130 Advance 5pl.', 2018, 71000, 3, 2, 5),
(584, 3, 'A1', 17990, 'Adrenalin 1.6 TDI 85kW (116CV) Sportback', 2018, 54900, 1, 2, 5),
(585, 20, 'Benz Clase A', 15490, 'A 180 CDI Style', 2015, 120600, 1, 1, 5),
(586, 11, 'Fiesta', 8490, '1.25 Duratec 60cv Trend 5p', 2015, 51995, 3, 2, 5),
(587, 15, 'Renegade', 12990, '1.6 Mjet Limited 4x2', 2015, 141653, 1, 2, 2),
(588, 28, 'Altea', 7490, '1.6 TDI 105cv Reference E-Ecomotive', 2012, 169999, 1, 2, 3),
(589, 6, 'Grand C4 Picasso', 14490, 'BlueHDi 120cv EAT6 Feel', 2016, 98000, 1, 1, 3),
(590, 8, 'Lodgy', 9990, 'Laureate TCE 85kW (115CV) 7Pl', 2017, 84000, 3, 2, 1),
(591, 19, 'Mazda6', 14990, '2.2 DE 175cv Luxury', 2015, 91930, 1, 2, 5),
(592, 4, 'Serie 2 Active Tourer', 18990, '218d', 2017, 83000, 1, 2, 4),
(593, 28, 'Ibiza', 11490, '1.0 EcoTSI 70kW (95CV) Style', 2018, 94230, 3, 2, 4),
(594, 32, 'Forester', 28650, '2.0i Hybrid CVT Executive Plus', 2020, 15135, 5, 1, 7),
(595, 21, 'Countryman', 13990, '2.0 Cooper SD', 2013, 121196, 1, 1, 6),
(596, 3, 'A3', 11990, 'Sportback 1.4 TFSI 125cv Ambition', 2011, 107802, 3, 2, 6),
(597, 11, 'Fiesta', 9990, '1.0 EcoBoost 100cv Trend 5p', 2016, 91321, 3, 2, 6),
(598, 16, 'Soul EV', 16490, 'Eléctrico (CHAdeMO)', 2016, 54700, 2, 1, 1),
(599, 24, 'Combo', 8990, 'Cargo 1.3 CDTI L1 H1', 2016, 99769, 1, 2, 6),
(600, 23, 'Micra', 12290, '5p IG-T TEKNA', 2017, 57819, 3, 2, 6),
(601, 12, 'CR-V', 14990, '2.2 i-DTEC Innova', 2014, 153286, 1, 2, 5),
(602, 21, 'CLUBMAN', 19990, 'COOPER D JOHN COOPER WORKS LINE', 2019, 21129, 1, 1, 3),
(603, 6, 'C4 Picasso', 7990, '1.6 HDi CMP Exclusive S&S', 2013, 114000, 1, 1, 1),
(604, 28, 'Ibiza', 11990, '1.6 TDI 70kW (95CV) Reference', 2018, 49276, 1, 2, 7),
(605, 4, 'X4', 24490, 'xDrive20d', 2016, 126119, 1, 1, 3),
(606, 19, 'CX-5', 12990, '2.2 175cv DE 4WD AT Luxury', 2013, 169800, 1, 1, 1),
(607, 6, 'C4 Cactus', 10990, 'BlueHDi 73KW (100CV) ETG6 Feel Edition', 2017, 100546, 1, 2, 1),
(608, 35, 'Golf', 26990, 'GTI Clubsport 2.0 TSI BMT', 2017, 39400, 3, 2, 4),
(609, 20, 'Benz Clase B', 18490, 'B 200 d AMG', 2017, 114000, 1, 1, 7),
(610, 23, 'Micra', 12220, 'IG-T 66kW (90 CV) E6D CVT N-Connecta', 2019, 44990, 3, 2, 7),
(611, 27, 'Clio', 8490, 'Dynamique Energy TCe 90 S&S eco2', 2014, 97970, 3, 2, 10),
(612, 4, 'Serie 1', 14990, '116d', 2018, 97265, 1, 2, 10),
(613, 22, 'ASX', 14490, '160 MPI Motion', 2017, 90455, 3, 2, 9),
(614, 16, 'Ceed', 17990, '1.4 T-GDi 103kW GT Line DCT', 2019, 44230, 3, 2, 9),
(615, 20, 'Benz Clase C', 49990, 'Mercedes-AMG C 63 Estate', 2017, 63202, 3, 1, 6),
(616, 23, 'Micra', 14490, 'IG-T 68 kW (92 CV) CVT N-Design Chrome', 2021, 4400, 3, 1, 9),
(617, 6, 'Berlingo', 19990, 'Talla M PureTech 110 S&S FEEL', 2019, 35050, 3, 2, 1),
(618, 24, 'Insignia', 6990, '1.8 16v Essentia', 2011, 134000, 3, 2, 7),
(619, 13, 'Tucson', 15490, '1.7CRDi 85kW (115CV) BD 25 Aniversa. 4x2', 2016, 125000, 1, 2, 7),
(620, 24, 'Astra', 17990, '1.6 CDTi S/S 100kW (136CV) GSi Line', 2019, 22900, 1, 2, 1),
(621, 34, 'Auris', 10990, '1.8 140H Business', 2015, 146500, 5, 1, 8),
(622, 6, 'C4', 7490, '1.6 HDi 110cv Seduction', 2012, 133744, 1, 2, 2),
(623, 4, 'X2', 25990, 'sDrive18d', 2018, 99990, 1, 1, 2),
(624, 1, '500', 21990, '1.4 16v T-Jet 595 118kW (160CV) Pista E6', 2017, 45845, 3, 2, 2),
(625, 28, 'Ibiza', 13490, '1.0 EcoTSI 70kW (95CV) Style', 2018, 27392, 3, 2, 2),
(626, 11, 'Focus', 17990, '1.5 Ecoblue 88kW ST-Line Auto', 2018, 27000, 1, 1, 4),
(627, 34, 'Yaris', 13490, '1.5 Hybrid Active', 2017, 57950, 5, 1, 5),
(628, 1, '500', 14780, '595 Competizione 1.4 T-Jet 180cv E6 Sec', 2015, 89000, 3, 1, 7),
(629, 3, 'A4', 17850, '2.0 TDI 110kW (150CV) S tronic', 2017, 132853, 1, 1, 7),
(630, 4, 'Serie 4', 22490, '420d Gran Coupe', 2015, 100787, 1, 1, 7),
(631, 33, 'Vitara', 16990, '1.6 DDiS GLX 4WD TCSS', 2017, 87024, 1, 1, 7),
(632, 19, 'CX-3', 14990, '2.0 SKYACTIV GE Style Nav 2WD', 2015, 49000, 3, 2, 3),
(633, 35, 'T-Roc', 19590, 'Edition 1.0 TSI 85kW (115CV)', 2018, 64181, 3, 2, 7),
(634, 25, '308', 16280, 'GTi 184KW (250CV)', 2016, 112000, 3, 2, 7),
(635, 27, 'Megane', 16990, 'Business TCe 85 kW (115CV) GPF', 2020, 17000, 3, 2, 4),
(636, 21, 'Mini', 19490, 'COOPER', 2017, 48000, 3, 1, 4),
(637, 4, 'Serie 1', 15290, '116d', 2017, 77800, 1, 2, 1),
(638, 26, 'Cayenne', 20990, '3.0 TD Tiptronic', 2012, 220000, 1, 1, 1),
(639, 35, 'Touareg', 18990, '3.0 V6 TDI 245 Tiptronic BlueMotion Tech', 2012, 155000, 1, 1, 1);
INSERT INTO `info_table` (`id`, `brand_id`, `model`, `price`, `engine`, `year`, `mileage`, `fuel_id`, `gearbox_id`, `location_id`) VALUES
(640, 23, 'Qashqai', 12990, '1.6dCi S&S TEKNA PREM 4x2 XTRONIC Piel', 2014, 137000, 1, 1, 1),
(641, 16, 'Ceed', 13790, '1.6 CRDi VGT 100kW (136CV) Tech', 2018, 90760, 1, 2, 10),
(642, 23, 'Qashqai', 17490, '1.2 DIG-T 85 kW (115 CV) Acenta', 2018, 37119, 3, 2, 10),
(643, 23, 'JUKE', 10490, '1.2 DIG-T TEKNA', 2016, 103127, 3, 2, 8),
(644, 27, 'Scenic', 10990, 'Intens dCi 110', 2016, 107410, 1, 2, 9),
(645, 28, 'Ibiza', 9990, '1.2 TSI 90cv Style', 2016, 99869, 3, 2, 6),
(646, 35, 'T-Roc', 24990, 'Sport 2.0 TSI 140kW (190CV) 4 Motion DSG', 2018, 61220, 3, 1, 3),
(647, 20, 'Benz Clase GLA', 17490, 'GLA 200 d Urban', 2016, 132203, 1, 2, 3),
(648, 8, 'Sandero', 9490, 'Ambiance 1.0 54kW (73CV)', 2017, 17300, 3, 2, 5),
(649, 34, 'Yaris', 11990, '1.5 Hybrid Active', 2018, 98400, 5, 1, 3),
(650, 24, 'Grandland X', 15990, '1.5 CDTi Excellence', 2018, 39456, 1, 2, 10),
(651, 21, 'Mini', 13790, 'ONE', 2016, 40000, 3, 2, 10),
(652, 25, '308', 13990, '5p Allure 1.2 PureTech 81KW (110CV) S&S', 2018, 75515, 3, 2, 5),
(653, 13, 'Tucson', 15490, '1.6 GDi BlueDrive Tecno 4x2', 2017, 83000, 3, 2, 10),
(654, 4, 'Serie 2', 29990, '218iA Gran Coupe', 2020, 25807, 3, 1, 2),
(655, 16, 'Ceed', 14990, '1.0 T-GDi 88kW (120CV) Drive', 2019, 32000, 3, 2, 4),
(656, 28, 'Ibiza', 10290, '1.0 EcoTSI 70kW Style Connect', 2017, 52000, 3, 2, 1),
(657, 6, 'C4', 6990, '1.6 e-HDi 115cv Tonic', 2014, 160500, 1, 2, 1),
(658, 3, 'A1', 15990, 'Sportback 1.4 TFSI Adrenalin SLine', 2017, 53000, 3, 2, 1),
(659, 1, '500', 18490, '595 Competizione 1.4 16v T-Jet 132kW E6', 2018, 74552, 3, 2, 2),
(660, 11, 'Kuga', 18490, '1.5 EcoBoost 88kW 4x2 Trend', 2019, 25396, 3, 2, 2),
(661, 3, 'Q2', 21990, 'sport ed 2.0 TDI 140kW quattro S tronic', 2017, 106455, 1, 1, 2),
(662, 28, 'Leon', 7990, '1.6 TDI 105cv Style', 2013, 144000, 1, 2, 1),
(663, 4, 'X1', 18490, 'xDrive18d', 2016, 122916, 1, 2, 10),
(664, 16, 'Stonic', 13490, '1.0 T-GDi 88kW (120CV) Drive Eco-Dynam', 2018, 91388, 3, 2, 10),
(665, 35, 'Passat', 14990, 'Sport 2.0 TDI 150CV BMT DSG', 2015, 111240, 1, 1, 10),
(666, 28, 'Arona', 16990, '1.0 TSI 85kW (115CV) FR Ecomotive', 2018, 19754, 3, 2, 6),
(667, 3, 'A3', 24990, 'Sportback Design 35 TFSI 110kW S tronic', 2019, 30450, 3, 1, 5),
(668, 16, 'Picanto', 10990, '1.0 CVVT 49kW (67CV) Concept', 2020, 14000, 3, 2, 1),
(669, 3, 'A1', 12990, 'Sportback 1.0 TFSI 95CV Adrenalin', 2015, 95100, 3, 2, 5),
(670, 4, 'Serie 4', 22990, '420d Gran Coupe', 2016, 104000, 1, 1, 1),
(671, 27, 'Megane', 6990, 'Dynamique EDC dCi 110', 2012, 131783, 1, 2, 6),
(672, 11, 'Kuga', 9990, '2.0 TDCi 140 4x2 Titanium', 2012, 110155, 1, 2, 6),
(673, 28, 'Leon', 10990, '1.6 TDI 105cv St&Sp Style', 2014, 138000, 1, 2, 4),
(674, 34, 'Yaris', 13990, '1.5 Hybrid Active', 2018, 65000, 5, 1, 10),
(675, 27, 'Kadjar', 16990, 'Zen Energy dCi 81kW (110CV)', 2018, 45000, 1, 2, 4),
(676, 35, 'Touran', 24990, 'Advance 1.5 TSI 110kW (150CV) DSG', 2019, 52444, 3, 1, 2),
(677, 6, 'C1', 10490, 'PureTech 60KW (82CV) Feel', 2018, 20674, 3, 2, 2),
(678, 19, 'CX-3', 14590, '1.5 SKYACTIV DE Lux White 2WD', 2016, 62858, 1, 2, 10),
(679, 5, 'Cruze', 6490, '1.6 LS', 2011, 97806, 3, 2, 10),
(680, 4, 'Serie 1', 25990, '118d', 2021, 28237, 1, 1, 10),
(681, 34, 'Rav4', 16490, '2.0 150 AWD Executive', 2015, 131023, 3, 2, 2),
(682, 4, 'Serie 1', 9990, '118d', 2013, 181200, 1, 2, 9),
(683, 4, 'Serie 1', 26840, '118d Pack M', 2021, 24000, 1, 1, 7),
(684, 35, 'Golf', 17990, 'Business 1.5 TSI EVO 96kW (130CV)', 2019, 26951, 3, 1, 8),
(685, 20, 'Benz Clase A', 7790, 'A 180 CDI Exclusive Edition', 2011, 60000, 1, 2, 1),
(686, 27, 'Talisman', 17990, 'S.T. SL ICON Energy dCi 96 kW (130CV)', 2018, 56000, 1, 1, 5),
(687, 25, '208', 17990, 'PureTech 73kW (100CV) GT Line', 2020, 22577, 3, 2, 3),
(688, 3, 'A8', 31490, 'L 4.0 TFSI 435CV quattro tiptronic', 2015, 146000, 3, 1, 4),
(689, 16, 'Ceed', 16290, '1.0 MHEV 88kW (120CV) Tech DCT', 2021, 13590, 3, 2, 8),
(690, 35, 'Tiguan', 14990, '2.0 TDI 177cv DSG 4x4 Sport BMotion Tech', 2014, 162895, 1, 1, 6),
(691, 13, 'Tucson', 16690, '1.6 GDi BlueDrive Link 4x2', 2018, 68750, 3, 2, 7),
(692, 6, 'C3', 11490, 'PureTech 60KW (82CV) SHINE', 2017, 49200, 3, 2, 1),
(693, 21, 'Mini', 13990, 'COOPER D 5 PUERTAS', 2015, 136800, 1, 1, 5),
(694, 3, 'A3', 7780, 'Sportback 1.6 TDI 105 S tronic Ambition', 2011, 147000, 1, 2, 7),
(695, 11, 'Fiesta', 13990, '1.0 EcoBoost 70kW (95CV) Active S/S 5p', 2020, 40700, 3, 2, 4),
(696, 4, 'Serie 2 Gran Tourer', 17490, '218d', 2017, 97570, 1, 2, 4),
(697, 25, '308', 14990, '5p Tech Edition 1.2 PureTech 96KW', 2019, 27500, 3, 2, 5),
(698, 22, 'ASX', 12990, '180 DI-D Kaiteki', 2015, 74000, 1, 2, 5),
(699, 1, '500', 12490, '595 Turismo 1.4 16v T-Jet 160cv E6', 2015, 80561, 3, 2, 3),
(700, 21, 'Countryman', 11750, 'ONE COUNTRYMAN', 2014, 120000, 3, 2, 7),
(701, 4, 'X3', 13990, 'xDrive20d', 2011, 155044, 1, 1, 2),
(702, 3, 'A3', 13990, '1.6 TDI clean diesel 110CV Attracted', 2016, 134535, 1, 2, 4),
(703, 28, 'Leon', 22790, '2.0 TSI 221kW (300CV) DSG-6 St&Sp CUPRA', 2018, 82490, 3, 1, 8),
(704, 34, 'Auris', 14990, '1.8 140H Hybrid Advance', 2018, 60000, 5, 1, 1),
(705, 11, 'Fiesta', 7490, '1.5 TDCi 75cv Trend 5p', 2015, 146388, 1, 2, 10),
(706, 28, 'Ibiza', 12950, '1.0 EcoTSI 85kW (115CV) FR', 2018, 55548, 3, 2, 7),
(707, 23, 'X-Trail', 17490, '5 Pl. dCi 96 kW (130 CV) Xtronic TEKNA', 2017, 97900, 1, 1, 4),
(708, 11, 'Fiesta', 4990, '1.25 60cv Urban', 2011, 116300, 3, 2, 4),
(709, 4, 'Serie 3', 9990, '330xi', 2007, 145500, 3, 1, 4),
(710, 24, 'Mokka X', 12990, '1.4 T 103kW (140CV) 4X2 S&S Excellence', 2017, 87000, 3, 2, 10),
(711, 25, '5008', 7490, 'Sport Pack 1.6 HDI 112 FAP', 2010, 107108, 1, 2, 10),
(712, 21, 'Mini', 19490, 'COOPER D CABRIO', 2017, 56819, 1, 2, 2),
(713, 17, 'Rover Range Rover Evoque', 17990, '2.2L DW12C 190CV 4WD Prestige', 2011, 118300, 1, 1, 8),
(714, 23, 'X-Trail', 17990, '1.6 dCi XTRONIC N-CONNECTA', 2017, 61000, 1, 1, 1),
(715, 13, 'Tucson', 14990, '1.7 CRDi BlueDrive Tecno Sky Safe 4x2', 2015, 113000, 1, 2, 1),
(716, 34, 'Yaris', 13990, '1.5 Hybrid Feel', 2018, 61218, 5, 1, 6),
(717, 19, 'Mazda6', 14490, '2.2 DE 150cv Luxury WGN', 2015, 84100, 1, 2, 5),
(718, 27, 'Grand Scenic', 9990, 'SELECTION Energy dCi 110 eco2 7p Euro 6', 2015, 152710, 1, 2, 7),
(719, 24, 'Insignia', 6760, '2.0 CDTI Start & Stop 130 CV Selective', 2012, 191326, 1, 2, 7),
(720, 3, 'A3', 12490, 'Sportback 1.6 TDI Ambiente Ed. especial', 2013, 134347, 1, 2, 7),
(721, 6, 'C4 Cactus', 8980, 'PureTech 82cv Feel Edition', 2015, 116000, 3, 2, 7),
(722, 21, 'Mini', 11990, 'Cooper SD', 2011, 124211, 1, 2, 7),
(723, 21, 'Countryman', 8990, '1.6 Cooper D', 2011, 104000, 1, 2, 7),
(724, 35, 'Polo', 7990, 'Advance 1.0 75CV BMT', 2015, 129700, 3, 2, 10),
(725, 35, 'Polo', 8990, 'Advance 1.2 TSI 90CV BMT', 2016, 145700, 3, 2, 5),
(726, 20, 'Benz Clase GLC', 35990, 'GLC 250 d 4MATIC', 2018, 103000, 1, 1, 5),
(727, 13, 'Tucson', 19490, '1.7 CRDi 104kW BD Tecno Sky Safe DCT 4x2', 2017, 67000, 1, 1, 6),
(728, 35, 'Golf', 14490, 'Edition 1.0 TSI 81kW (110CV)', 2017, 61071, 3, 2, 10),
(729, 34, 'Prius', 15990, '1.8 Prius hibrido', 2017, 84735, 5, 1, 10),
(730, 13, 'i30', 23960, '2.0 TGDI N Performance', 2018, 68264, 3, 2, 7),
(731, 11, 'Focus', 17890, '1.0 Ecoboost 92kW ST-Line SportBr', 2019, 21287, 3, 2, 7),
(732, 4, 'Serie 1', 16540, '118d xDrive pack M', 2017, 75600, 1, 1, 7),
(733, 29, 'Fabia', 6690, '1.2 TSI 90cv Active', 2015, 132000, 3, 2, 7),
(734, 13, 'i20', 11880, '1.0 TGDI 74kW (100CV) Tecno LE', 2018, 37044, 3, 2, 7),
(735, 3, 'A3', 15490, 'Sedan 1.6 TDI clean 110CV Attraction', 2016, 132252, 1, 2, 4),
(736, 27, 'Clio', 10520, 'Dynamique Energy TCe 90 eco2 Euro 6', 2015, 75000, 3, 2, 7),
(737, 16, 'Sportage', 17280, '1.6 CRDi 85kW (115CV) Drive 4x2', 2019, 70265, 1, 2, 7),
(738, 11, 'Focus', 6990, '1.6 TDCi 115cv Trend', 2014, 127916, 1, 2, 7),
(739, 19, 'CX-3', 16990, '2.0 SKYACTIV GE 88kW Luxury 2WD', 2018, 42875, 3, 1, 6),
(740, 4, 'Serie 1', 13490, '116d EfficientDynamics', 2016, 124120, 1, 2, 6),
(741, 3, 'A3', 11990, '2.0 TDI 150cv Attraction', 2012, 125000, 1, 2, 4),
(742, 28, 'Ateca', 24980, '2.0 TDI 110kW (150CV) S&S Style', 2021, 4600, 1, 2, 1),
(743, 4, 'X1', 13940, 'xDrive18d', 2015, 130017, 1, 2, 7),
(744, 23, 'JUKE', 12960, '1.6 DIG-T 218 CV NISMO RS 4X2', 2015, 83029, 3, 2, 7),
(745, 11, 'Focus', 15490, '1.0 Ecoboost 92kW ST-Line', 2019, 19200, 3, 2, 10),
(746, 8, 'Dokker', 8490, 'Ambiance dCi 75 N1', 2014, 105948, 1, 2, 10),
(747, 20, 'Benz Clase CLA', 22990, 'CLA 220 CDI 4M Aut. AMG Line', 2015, 65985, 1, 1, 10),
(748, 21, 'Mini', 13890, 'COOPER', 2017, 61842, 3, 2, 7),
(749, 28, 'Ibiza', 15490, 'SC 1.8 TSI 192cv Cupra', 2016, 80600, 3, 2, 6),
(750, 28, 'Leon', 11990, 'ST 1.6 TDI 110cv St&Sp Style Con Bl Plus', 2016, 147676, 1, 2, 10),
(751, 28, 'Leon', 10990, 'SC 1.4 TSI 122cv St&Sp FR', 2014, 139500, 3, 2, 10),
(752, 25, '4007', 9990, 'Sport Pack 7 Plazas 2.2 HDI 156 FAP', 2012, 104793, 1, 2, 10),
(753, 31, 'Tivoli', 10690, 'G16 Limited 4x2', 2015, 55000, 3, 2, 8),
(754, 10, 'Tipo', 7320, '1.4 Lounge 88kW (120CV) gasolina/GLP 5p.', 2018, 178319, 4, 2, 7),
(755, 28, 'Ibiza', 12490, 'SC 1.8 TSI 192cv Cupra', 2016, 146891, 3, 2, 4),
(756, 10, 'Tipo', 7490, '1.4 T-Jet 16v Lounge 88kW (120CV) GLP', 2018, 135541, 4, 2, 7),
(757, 13, 'Tucson', 15990, '1.6 GDi BlueDrive Tecno 4x2', 2015, 57000, 3, 2, 4),
(758, 3, 'A3', 10990, 'Sportback 1.6 TDI 105cv Ambition', 2013, 118988, 1, 2, 7),
(759, 35, 'Polo', 7990, '1.6 TDI 90cv Advance', 2013, 133303, 1, 2, 10),
(760, 20, 'Benz Clase E', 12130, 'E 220 CDI Blue Efficiency', 2011, 135604, 1, 2, 7),
(761, 6, 'C3 Aircross', 12990, 'PureTech 60kW (82CV) FEEL', 2018, 63534, 3, 2, 10),
(762, 19, 'CX-5', 11580, '2.2 150cv DE 2WD Style', 2014, 144100, 1, 2, 7),
(763, 11, 'Focus', 17990, '1.0 Ecoboost 92kW ST-Line', 2019, 64600, 3, 2, 4),
(764, 10, '500L', 10990, '1.4 16v 70kW (95CV) Lounge', 2017, 47804, 3, 2, 10),
(765, 3, 'A1', 10890, '1.6 TDI 90cv Ambition', 2014, 130800, 1, 2, 8),
(766, 2, 'Romeo Giulietta', 11790, '1.6 JTDm 120cv Collezione', 2016, 90300, 1, 1, 8),
(767, 28, 'Leon', 11990, '1.2 TSI 81kW (110CV) St&Sp Reference', 2017, 93000, 3, 2, 4),
(768, 25, '308', 16990, '5p GT Line 1.2 PureTech 96KW (130CV)', 2019, 73266, 3, 2, 5),
(769, 10, '500X', 15490, 'Lounge 1,0 Firefly T3 88KW (120 CV) S&S', 2020, 4863, 3, 2, 10),
(770, 11, 'Kuga', 13490, '2.0 TDCi 163 4x4 Titanium Powershift', 2014, 147669, 1, 1, 5),
(771, 4, 'Serie 4', 32990, '420d Automática', 2017, 50300, 1, 1, 4),
(772, 1, '500', 14990, '1.4 16v T-Jet 595 103kW (140CV) E6', 2016, 38820, 3, 1, 4),
(773, 11, 'Kuga', 14990, '1.5 EcoBoost 110kW A-S-S 4x2 Trend', 2017, 46350, 3, 2, 4),
(774, 35, 'Golf', 15490, 'VI 2.0 TSI 210cv DSG 6 vel GTI', 2010, 146000, 3, 1, 6),
(775, 25, '207', 5490, 'Sport 1.6 VTi 16v 120', 2007, 87450, 3, 2, 8),
(776, 20, 'Benz Vito', 11490, '111 CDI Vito L Compacta', 2007, 60700, 1, 2, 5),
(777, 15, 'Wrangler', 37990, '2.8 CRD Rubicon Auto', 2008, 142020, 1, 1, 8),
(778, 35, 'Golf', 8860, 'VI 2.0 TDI 110cv DPF DSG Sport', 2009, 143843, 1, 1, 7),
(779, 6, 'C2', 4990, '1.4 HDI SX', 2004, 58000, 1, 2, 4),
(780, 35, 'Golf', 6990, '1.4 TSI 170cv GT Sport', 2008, 211296, 3, 2, 10),
(781, 27, 'Captur', 13990, 'Zen TCe 66kW (90CV) -18', 2018, 52590, 3, 2, 3),
(782, 23, 'Qashqai+2', 10990, '2.0 dCi TEKNA SPORT 4x2 17\"', 2011, 147261, 1, 2, 3),
(783, 23, 'Qashqai+2', 9990, '2.0 ACENTA 4X2', 2012, 127342, 3, 2, 3),
(784, 28, 'Ibiza', 13990, '1.0 EcoTSI 85kW (115CV) Style', 2018, 60257, 3, 2, 3),
(785, 13, 'Tucson', 15990, '1.7 CRDi BlueDrive Tecno 4x2', 2015, 159416, 1, 2, 3),
(786, 11, 'Focus', 15990, '1.0 Ecoboost 92kW Titanium', 2018, 21404, 3, 2, 3),
(787, 35, 'Golf', 13990, 'Edition 1.6 TDI 110CV BMT', 2016, 84040, 1, 2, 3),
(788, 16, 'Sportage', 24990, '1.6 GDi 97kW (132CV) Basic 4x2', 2018, 65872, 3, 2, 10),
(789, 1, '500', 17990, '1.4 16v T-Jet 595 118kW (160CV) Pista E6', 2019, 28830, 3, 2, 6),
(790, 35, 'Tiguan', 14990, '2.0 TDI 177cv DSG 4x4 Sport BMotion Tech', 2014, 162895, 1, 1, 6),
(791, 8, 'Dokker', 14390, 'SL Trotamundos dCi 66kW (90CV)', 2018, 9800, 1, 2, 1);

-- --------------------------------------------------------

--
-- 資料表結構 `location_table`
--

CREATE TABLE `location_table` (
  `location_id` int(11) NOT NULL,
  `location_name` varchar(50) NOT NULL
) ENGINE=InnoDB DEFAULT CHARSET=utf8 COLLATE=utf8_general_ci;

--
-- 傾印資料表的資料 `location_table`
--

INSERT INTO `location_table` (`location_id`, `location_name`) VALUES
(1, 'Badalona'),
(2, 'Esplugas'),
(3, 'Gavá'),
(4, 'Granollers'),
(5, 'Hospitalet'),
(6, 'Mataró'),
(7, 'Sabadell 1'),
(8, 'Sabadell 2'),
(9, 'Sabadell 3'),
(10, 'Viladecans');

--
-- 已傾印資料表的索引
--

--
-- 資料表索引 `brand_table`
--
ALTER TABLE `brand_table`
  ADD PRIMARY KEY (`brand_id`);

--
-- 資料表索引 `fuel_table`
--
ALTER TABLE `fuel_table`
  ADD PRIMARY KEY (`fuel_id`);

--
-- 資料表索引 `gearbox_table`
--
ALTER TABLE `gearbox_table`
  ADD PRIMARY KEY (`gearbox_id`);

--
-- 資料表索引 `info_table`
--
ALTER TABLE `info_table`
  ADD PRIMARY KEY (`id`);

--
-- 資料表索引 `location_table`
--
ALTER TABLE `location_table`
  ADD PRIMARY KEY (`location_id`);

--
-- 在傾印的資料表使用自動遞增(AUTO_INCREMENT)
--

--
-- 使用資料表自動遞增(AUTO_INCREMENT) `brand_table`
--
ALTER TABLE `brand_table`
  MODIFY `brand_id` int(11) NOT NULL AUTO_INCREMENT, AUTO_INCREMENT=45;

--
-- 使用資料表自動遞增(AUTO_INCREMENT) `fuel_table`
--
ALTER TABLE `fuel_table`
  MODIFY `fuel_id` int(11) NOT NULL AUTO_INCREMENT, AUTO_INCREMENT=9;

--
-- 使用資料表自動遞增(AUTO_INCREMENT) `gearbox_table`
--
ALTER TABLE `gearbox_table`
  MODIFY `gearbox_id` int(11) NOT NULL AUTO_INCREMENT, AUTO_INCREMENT=3;

--
-- 使用資料表自動遞增(AUTO_INCREMENT) `info_table`
--
ALTER TABLE `info_table`
  MODIFY `id` int(11) NOT NULL AUTO_INCREMENT, AUTO_INCREMENT=793;

--
-- 使用資料表自動遞增(AUTO_INCREMENT) `location_table`
--
ALTER TABLE `location_table`
  MODIFY `location_id` int(11) NOT NULL AUTO_INCREMENT, AUTO_INCREMENT=15;
COMMIT;

/*!40101 SET CHARACTER_SET_CLIENT=@OLD_CHARACTER_SET_CLIENT */;
/*!40101 SET CHARACTER_SET_RESULTS=@OLD_CHARACTER_SET_RESULTS */;
/*!40101 SET COLLATION_CONNECTION=@OLD_COLLATION_CONNECTION */;
